wine_link,name,year,winery,rating,rating_qty,price,body,tannis,sweetness,acidity,notes,pairings,grapes,region,style,image
https://www.vivino.com/altos-las-hormigas-blanco/w/9003790?year=2024&price_id=37868618,Blanco,2024,Altos Las Hormigas,3.7,based,16.88,44.5260575%,,9.288775000000001%,46.5580025%,"{'citrus': 11, 'tree fruit': 10, 'earthy': 7, 'tropical': 5, 'oaky': 3, 'vegetal': 2, 'yeasty': 2, 'ageing': 2, 'spices': 2}","['pork', 'shellfish', 'vegetarian', 'mature and hard cheese', 'lean fish', 'mild and soft cheese']","['Chenin Blanc', 'Sémillon', 'Pedro Giménez']","['Argentina', 'Mendoza']",Argentinian White,https://images.vivino.com/thumbs/WtUTz_LiSOyApijM99dDKA_pb_x600.png
https://www.vivino.com/altos-del-plata-malbec/w/1161128?year=2022&price_id=36901366,Malbec,2022,Altos del Plata,3.7,484,11.54,61.005632500000004%,28.626800000000003%,18.630557499999995%,37.4329075%,"{'oaky': 639, 'black fruit': 578, 'earthy': 342, 'red fruit': 325, 'spices': 150, 'floral': 42, 'yeasty': 41, 'ageing': 36, 'dried fruit': 30, 'vegetal': 22, 'tropical': 8, 'citrus': 7, 'tree fruit': 4}","['beef', 'lamb']",['Malbec'],"['Argentina', 'Mendoza', 'Lujan de Cuyo']",Argentinian Lujan de Cuyo Malbec Red,https://images.vivino.com/thumbs/5FixNfhtRui_n_OwIFHPPw_pb_x600.png
https://www.vivino.com/matias-riccitelli-the-apple-doesn-t-fall-far-from-the-tree-torrontes/w/4563874?year=2024&price_id=37479805,The Apple Doesn't Fall Far From The Tree Torrontés,2024,Matías Riccitelli,3.7,based,20.26,47.043287500000005%,,11.772762500000002%,56.6847075%,"{'tree fruit': 37, 'citrus': 30, 'earthy': 17, 'tropical': 14, 'floral': 14, 'vegetal': 3, 'dried fruit': 2, 'yeasty': 2, 'spices': 1, 'oaky': 1}","['vegetarian', 'spicy food', 'aperitif']",['Torrontés'],"['Argentina', 'Mendoza']",Argentinian Torrontés,https://images.vivino.com/thumbs/z2ZdkSD3RHaTrPIiHtrEfw_pb_x600.png
https://www.vivino.com/ar-pascual-toso-malbec/w/1084095?year=2021&price_id=34536845,Malbec,2021,Pascual Toso,3.7,469,12.99,60.639195%,24.281475000000004%,17.0916225%,35.30237%,"{'oaky': 532, 'black fruit': 425, 'earthy': 231, 'red fruit': 107, 'spices': 106, 'yeasty': 35, 'dried fruit': 16, 'floral': 13, 'tree fruit': 12, 'ageing': 11, 'citrus': 5, 'vegetal': 4}","['beef', 'lamb', 'pork']",['100%Malbec'],"['Argentina', 'Mendoza']",Argentinian Mendoza Malbec Red,https://images.vivino.com/thumbs/toIDvGr7Rqyxl_L-_wq7Sg_pb_x600.png
https://www.vivino.com/don-rodolfo-tannat/w/1814646?year=2021&price_id=35191913,Tannat,2021,Don Rodolfo,3.7,based,16.79,,,,,"{'black fruit': 49, 'oaky': 40, 'earthy': 31, 'red fruit': 13, 'spices': 12, 'dried fruit': 4, 'tree fruit': 4, 'citrus': 2, 'ageing': 1, 'yeasty': 1}","['beef', 'lamb', 'pork']",['Tannat'],"['Argentina', 'Mendoza']",Contains sulfites,https://images.vivino.com/thumbs/_cLDvOCOQoOcisr0Sw68kw_pb_x600.png
https://www.vivino.com/domaine-bousquet-gualtallary-virgen-vineyards-usda-organic-malbec/w/8097554?year=2019&price_id=26350982,Virgen Vineyards USDA Organic Malbec,2019,Domaine Bousquet,3.7,442,12.99,54.5808425%,37.3493175%,24.215125%,46.21958%,"{'black fruit': 65, 'earthy': 20, 'spices': 13, 'oaky': 10, 'red fruit': 10, 'floral': 4, 'tree fruit': 1}","['beef', 'lamb']",['100%Malbec'],"['Argentina', 'Mendoza', 'Uco Valley', 'Tupungato']",Argentinian Tupungato Malbec Red,https://images.vivino.com/thumbs/gejhoTXxTey38MfwhicvYQ_pb_x600.png
https://www.vivino.com/dona-paula-los-cardos-malbec/w/24203?year=2023&price_id=36241028,Los Cardos Malbec,2023,Doña Paula,3.7,398,12.99,58.415035%,27.820729999999998%,20.79454%,39.1210075%,"{'black fruit': 543, 'oaky': 295, 'earthy': 237, 'red fruit': 199, 'spices': 106, 'yeasty': 43, 'floral': 36, 'ageing': 16, 'dried fruit': 15, 'citrus': 15, 'vegetal': 14, 'tree fruit': 8, 'tropical': 1}","['beef', 'lamb']",['Malbec'],"['Argentina', 'Mendoza', 'Lujan de Cuyo']",Argentinian Lujan de Cuyo Malbec Red,https://images.vivino.com/thumbs/5gXQ4yKJQcuWWkmC9AJUNQ_pb_x600.png
https://www.vivino.com/tilia-malbec/w/87730?year=2022&price_id=38057225,Malbec,2022,Tilia,3.7,392,11.99,62.55409999999999%,23.87213%,14.9177425%,34.4958525%,"{'black fruit': 728, 'oaky': 459, 'red fruit': 304, 'earthy': 251, 'spices': 139, 'yeasty': 32, 'ageing': 21, 'floral': 17, 'dried fruit': 15, 'tree fruit': 13, 'vegetal': 11, 'citrus': 7, 'tropical': 3}","['beef', 'lamb', 'pork']",['100%Malbec'],"['Argentina', 'Mendoza']",Argentinian Mendoza Malbec Red,https://images.vivino.com/thumbs/KArKDimcRoirVDpDgWUjNA_pb_x600.png
https://www.vivino.com/zorzal-terroir-unico-malbec/w/1368957?year=2020&price_id=33769450,Terroir Único Malbec,2020,Zorzal,3.7,386,13.64,59.5095%,36.483732499999995%,17.67119%,43.203585%,"{'black fruit': 192, 'oaky': 153, 'red fruit': 120, 'earthy': 104, 'spices': 82, 'floral': 16, 'yeasty': 11, 'dried fruit': 5, 'citrus': 5, 'vegetal': 5, 'tree fruit': 3, 'tropical': 2, 'ageing': 1}","['beef', 'lamb']",['100%Malbec'],"['Argentina', 'Mendoza', 'Uco Valley', 'Tupungato']",Argentinian Tupungato Malbec Red,https://images.vivino.com/thumbs/UxR463rXTq66IEFy8OfXmw_pb_x600.png
https://www.vivino.com/antigal-uno-cabernet-sauvignon/w/1877026?year=2018&price_id=28746313,UNO Cabernet Sauvignon,2018,Antigal,3.7,381,22.92,61.28826000000001%,53.509735%,8.182775%,46.716635000000004%,"{'oaky': 188, 'black fruit': 149, 'earthy': 76, 'spices': 55, 'red fruit': 53, 'yeasty': 6, 'ageing': 5, 'vegetal': 5, 'dried fruit': 3, 'citrus': 3, 'floral': 2, 'tree fruit': 1}","['beef', 'lamb', 'poultry']",['100%Shiraz/Syrah'],"['Argentina', 'Mendoza']",Argentinian Cabernet Sauvignon,https://images.vivino.com/thumbs/XSeBVL4MRe-nOZ8yAqPG_w_pb_x600.png
https://www.vivino.com/casa-valduga-raizes-terroir-cabernet-franc-campanha/w/4242817?year=2012&price_id=34798690,Raízes Terroir Cabernet Franc,2012,Casa Valduga,3.7,355,34.17,63.9278575%,47.049455%,12.872277500000003%,40.69736999999999%,"{'oaky': 71, 'black fruit': 48, 'red fruit': 35, 'earthy': 28, 'spices': 22, 'floral': 5, 'vegetal': 5, 'yeasty': 2, 'dried fruit': 2}","['beef', 'pork', 'poultry', 'game (deer, venison)']",['Cabernet Franc'],"['Brazil', 'Rio Grande do Sul', 'Campanha']",Brazilian Cabernet Franc,https://images.vivino.com/thumbs/3O0B5T3cSu2YhRjP7FfQkw_pb_x600.png
https://www.vivino.com/casa-natal-reserva-malbec/w/4065356?year=2018&price_id=27836393,Reserva Malbec,2018,Casa Natal,3.7,345,18.89,65.231825%,26.60626%,10.2194525%,35.917007500000004%,"{'black fruit': 287, 'oaky': 186, 'red fruit': 112, 'earthy': 74, 'spices': 39, 'dried fruit': 11, 'yeasty': 8, 'vegetal': 4, 'citrus': 3, 'floral': 3, 'tree fruit': 2, 'ageing': 1}","['beef', 'lamb', 'pork']",['100%Malbec'],"['Argentina', 'Mendoza']",Argentinian Mendoza Malbec Red,https://images.vivino.com/thumbs/eu-plvJjTt27_dWAr-aXGw_pb_x600.png
https://www.vivino.com/ar-malacara-cabernet-sauvignon/w/6266428?year=2019&price_id=27681997,Cabernet Sauvignon,2019,Malacara,3.7,324,17.84,60.717045%,55.7073875%,17.15625%,41.531817499999995%,"{'black fruit': 4, 'spices': 2, 'red fruit': 1, 'vegetal': 1, 'yeasty': 1, 'oaky': 1}","['beef', 'lamb', 'poultry']",['100%Cabernet Sauvignon'],"['Argentina', 'Mendoza', 'Uco Valley', 'La Consulta']",Argentinian Cabernet Sauvignon,https://images.vivino.com/thumbs/iYjQrikTTfal3VUqVhqoZQ_pb_x600.png
https://www.vivino.com/vina-las-perdices-cabernet-sauvignon/w/1158407?year=2021&price_id=33564971,Cabernet Sauvignon,2021,Viña Las Perdices,3.7,321,15.74,61.274550000000005%,51.00637%,22.590799999999994%,48.010125%,"{'oaky': 26, 'red fruit': 20, 'black fruit': 12, 'spices': 8, 'earthy': 7, 'tree fruit': 4, 'yeasty': 3, 'citrus': 2, 'dried fruit': 1, 'floral': 1}","['beef', 'lamb', 'poultry']",['Cabernet Sauvignon'],"['Argentina', 'Mendoza', 'Agrelo']",Argentinian Cabernet Sauvignon,https://images.vivino.com/thumbs/YWVs3f-jS-azulbZUyplmA_pb_x600.png
https://www.vivino.com/agua-de-piedra-gran-reserva-malbec/w/1150144?year=2023&price_id=38582469,Gran Reserva Malbec,2023,Agua de Piedra,3.7,based,16.47,66.1585375%,21.835367499999997%,12.341465000000003%,32.5061%,"{'red fruit': 3, 'oaky': 2, 'earthy': 2, 'black fruit': 1, 'yeasty': 1}","['beef', 'lamb', 'pork']",['Malbec'],"['Argentina', 'Mendoza']",Argentinian Mendoza Malbec Red,https://images.vivino.com/thumbs/X3tOekWJRymtw_M0_GFAmQ_150x200.jpg
https://www.vivino.com/high-note-malbec/w/1250727?year=2019&price_id=29131008,Malbec,2019,High Note,3.7,312,20,65.54116499999999%,22.40092%,17.774275000000003%,35.716782499999994%,"{'black fruit': 218, 'oaky': 110, 'earthy': 102, 'red fruit': 64, 'spices': 51, 'yeasty': 14, 'floral': 8, 'vegetal': 6, 'dried fruit': 6, 'ageing': 4, 'tree fruit': 1, 'citrus': 1}","['beef', 'lamb']",['100%Malbec'],"['Argentina', 'Mendoza', 'Uco Valley']",Argentinian Uco Valley Malbec Red,https://images.vivino.com/thumbs/UbbgutcCQCmDjI0ZcWgfCw_pb_x600.png
https://www.vivino.com/bodega-vistalba-tomero-cabernet-sauvignon/w/84730?year=2012&price_id=21517089,Tomero Cabernet Sauvignon,2012,Bodega Vistalba,3.7,301,15.99,58.996984999999995%,50.148462499999994%,15.82958%,44.052375%,"{'black fruit': 19, 'oaky': 15, 'earthy': 14, 'spices': 9, 'red fruit': 7, 'yeasty': 3, 'vegetal': 3}","['beef', 'lamb', 'poultry']",['100%Cabernet Sauvignon'],"['Argentina', 'Mendoza']",Argentinian Cabernet Sauvignon,https://images.vivino.com/thumbs/Gl8b2WL7SICWxqHDHvySmg_pb_x600.png
https://www.vivino.com/humberto-canale-estate-cabernet-sauvignon/w/1637476?year=2021&price_id=35208340,Estate Cabernet Sauvignon,2021,Humberto Canale,3.7,based,18.97,60.82661%,63.43548750000001%,8.442542500000002%,46.8498%,"{'earthy': 6, 'oaky': 6, 'red fruit': 2, 'black fruit': 2, 'yeasty': 2, 'spices': 1}","['beef', 'lamb', 'poultry']",['Cabernet Sauvignon'],"['Argentina', 'Patagonia', 'Rio Negro']",Argentinian Cabernet Sauvignon,https://images.vivino.com/thumbs/0H3w4xYXQp-Psv9UAE6oaA_pb_x600.png
https://www.vivino.com/bodega-pielihueso-tinto-de-los-sauces/w/9662134?year=2023&price_id=35837007,Tinto de Los Sauces,2023,Bodega Pielihueso,3.7,based,24.36,64.827305%,43.459837500000006%,19.49498%,46.8343375%,"{'black fruit': 2, 'red fruit': 2, 'oaky': 2, 'citrus': 1, 'yeasty': 1}","['beef', 'lamb', 'poultry', 'game (deer, venison)']","['Malbec', 'Cabernet Sauvignon']","['Argentina', 'Mendoza']",Argentinian Cabernet Sauvignon - Malbec,https://images.vivino.com/thumbs/pwCBs34sTz2QJazyNr841w_150x200.jpg
https://www.vivino.com/nomade-malbec/w/1236153?year=2021&price_id=34442455,Malbec,2021,Nōmade,3.7,based,20.99,61.6645925%,21.529167499999996%,13.147222500000002%,36.5138925%,"{'earthy': 7, 'oaky': 6, 'black fruit': 4, 'spices': 3, 'dried fruit': 2, 'red fruit': 1}","['beef', 'lamb', 'pork']",['Malbec'],"['Argentina', 'Mendoza']",Argentinian Mendoza Malbec Red,https://images.vivino.com/thumbs/DQxGP-anRDaFeI3ZtpHM8g_pb_x600.png
https://www.vivino.com/amalaya-rosado-malbec-torrontes/w/1929809?year=2021&price_id=35086054,Rosado (Malbec - Torrontés),2021,Amalaya,3.7,281,16.79,47.166199999999996%,,13.265194999999999%,52.3499%,"{'red fruit': 65, 'citrus': 26, 'black fruit': 19, 'oaky': 16, 'spices': 14, 'earthy': 12, 'tree fruit': 11, 'floral': 5, 'vegetal': 5, 'tropical': 3, 'yeasty': 3, 'ageing': 1}","['pork', 'shellfish', 'vegetarian', 'poultry', 'mild and soft cheese', 'aperitif']",['Malbec'],"['Argentina', 'Salta']",Argentinian Rosé,https://images.vivino.com/thumbs/RJkCADxhQPmPKzQb9sSrOA_pb_x600.png
https://www.vivino.com/renacer-punto-final-malbec-rose/w/1385850?year=2021&price_id=36459105,Punto Final Malbec Rosé,2021,Renacer,3.7,268,19.99,34.644740000000006%,,11.4013125%,54.622805%,"{'red fruit': 19, 'tree fruit': 11, 'citrus': 4, 'vegetal': 2, 'yeasty': 2, 'tropical': 1}","['spicy food', 'mature and hard cheese', 'appetizers and snacks', 'blue cheese', 'cured meat']",['Malbec'],"['Argentina', 'Mendoza']",Argentinian Malbec Rosé,https://images.vivino.com/thumbs/Kvenu-n5RiWeI4TLK72AfQ_pb_x600.png
https://www.vivino.com/finca-decero-flight-of-the-condor-malbec/w/9026281?year=2019&price_id=29961342,Flight of the Condor Malbec,2019,Finca Decero,3.7,268,20,65.613585%,27.483592500000007%,16.44691%,34.360045%,"{'black fruit': 41, 'oaky': 29, 'spices': 10, 'red fruit': 6, 'yeasty': 3, 'earthy': 2, 'ageing': 1, 'floral': 1}","['beef', 'lamb', 'pork']",['Malbec'],"['Argentina', 'Mendoza']",Argentinian Mendoza Malbec Red,https://images.vivino.com/thumbs/_XDWzY5NTCGLaQeSiMs6hQ_pb_x600.png
https://www.vivino.com/bodegas-y-vinedos-nicolas-catena-la-marchigiana-criolla-chica/w/6691069?year=2023&price_id=37794795,La Marchigiana Criolla Chica,2023,Bodegas y Viñedos Nicolas Catena,3.7,based,31.45,,,,,"{'red fruit': 16, 'tree fruit': 4, 'citrus': 4, 'black fruit': 3, 'yeasty': 2, 'ageing': 1, 'oaky': 1, 'vegetal': 1, 'earthy': 1, 'dried fruit': 1, 'spices': 1, 'floral': 1}","['beef', 'lamb', 'pork']",['Criolla Grande'],"['Argentina', 'Mendoza']",Contains sulfites,https://images.vivino.com/thumbs/0TND1k_XTVqI-4syO6nk-g_pb_x600.png
https://www.vivino.com/santa-julia-reserva-malbec/w/19453?year=2023&price_id=37714203,Reserva Malbec,2023,Santa Julia,3.7,260,16.95,61.83070500000001%,29.255554999999994%,19.163345000000007%,36.700514999999996%,"{'black fruit': 844, 'oaky': 762, 'red fruit': 342, 'earthy': 195, 'spices': 127, 'yeasty': 37, 'floral': 37, 'citrus': 18, 'tree fruit': 13, 'dried fruit': 12, 'vegetal': 12, 'ageing': 5, 'tropical': 1}","['beef', 'lamb']",['Malbec'],"['Argentina', 'Mendoza', 'Uco Valley']",Argentinian Uco Valley Malbec Red,https://images.vivino.com/thumbs/E7Ophz6gT_GZrfjzRN-Qjg_pb_x600.png
https://www.vivino.com/salentein-portillo-sauvignon-blanc/w/1977856?year=2023&price_id=37286543,Portillo Sauvignon Blanc,2023,Salentein,3.7,246,18.95,42.114250000000006%,,1.8645024999999986%,65.4443125%,"{'citrus': 274, 'tree fruit': 185, 'tropical': 100, 'vegetal': 78, 'earthy': 44, 'oaky': 19, 'yeasty': 11, 'spices': 7, 'red fruit': 6, 'ageing': 4, 'floral': 3, 'black fruit': 3}","['shellfish', 'vegetarian', ""goat's milk cheese""]",['100%Sauvignon Blanc'],"['Argentina', 'Mendoza', 'Uco Valley']",Argentinian Sauvignon Blanc,https://images.vivino.com/thumbs/4sljI2PYSxq8HBeEvI3_JQ_pb_x600.png
https://www.vivino.com/tintonegro-mendoza-malbec-mendoza/w/1222646?year=2021&price_id=37317715,Mendoza Malbec,2021,Tinto Negro (TintoNegro),3.7,240,13.64,59.79512749999999%,30.2646%,18.593762499999997%,37.442105%,"{'black fruit': 372, 'oaky': 310, 'earthy': 200, 'red fruit': 139, 'spices': 95, 'yeasty': 20, 'dried fruit': 13, 'floral': 11, 'tree fruit': 9, 'ageing': 8, 'citrus': 7, 'vegetal': 6}","['beef', 'lamb', 'pork']",['100%Malbec'],"['Argentina', 'Mendoza']",Argentinian Mendoza Malbec Red,https://images.vivino.com/thumbs/xH_TH73fTnWia8k5aCBa4g_pb_x600.png
https://www.vivino.com/ninety-cellars-lot-23-old-vine-malbec/w/1216179?year=2020&price_id=33967698,Lot 23 Old Vine Malbec,2020,90+ Cellars,3.7,233,19.99,67.318025%,24.31005%,16.529974999999997%,36.3921%,"{'black fruit': 205, 'oaky': 133, 'red fruit': 77, 'earthy': 51, 'spices': 28, 'yeasty': 6, 'ageing': 5, 'dried fruit': 3, 'vegetal': 2, 'tree fruit': 2, 'tropical': 2, 'citrus': 1, 'floral': 1}","['beef', 'lamb', 'pork']",['100%Malbec'],"['Argentina', 'Mendoza']",Argentinian Mendoza Malbec Red,https://images.vivino.com/thumbs/WSbBwS-_SnWJSJ-Oen35vw_pb_x600.png
https://www.vivino.com/artesano-mendoza-organic-white-malbec/w/9972694?year=2023&price_id=35844450,Organic White Malbec,2023,Artesano,3.7,227,22.97,43.855045%,,10.9277075%,51.5839625%,"{'tree fruit': 49, 'citrus': 41, 'earthy': 19, 'tropical': 6, 'vegetal': 5, 'spices': 3, 'floral': 3, 'ageing': 2, 'black fruit': 1, 'red fruit': 1, 'oaky': 1}","['pork', 'shellfish', 'vegetarian', 'mature and hard cheese', 'lean fish', 'mild and soft cheese']",['Malbec'],"['Argentina', 'Mendoza', 'Agrelo']",Argentinian White,https://images.vivino.com/thumbs/1a2TlANPSb2oLoFFfntxiw_pb_x600.png
https://www.vivino.com/layer-cake-malbec/w/86246?year=2021&price_id=33654283,Malbec,2021,Layer Cake,3.7,224,20.99,66.874955%,22.072010000000006%,17.367175000000003%,33.229130000000005%,"{'oaky': 591, 'black fruit': 404, 'earthy': 321, 'red fruit': 198, 'spices': 78, 'yeasty': 36, 'dried fruit': 25, 'ageing': 22, 'vegetal': 14, 'tree fruit': 9, 'citrus': 6, 'floral': 5, 'tropical': 2}","['beef', 'lamb', 'pork']",['100%Malbec'],"['Argentina', 'Mendoza']",Argentinian Mendoza Malbec Red,https://images.vivino.com/thumbs/2NzZouDgSHmtix845tpJpA_pb_x600.png
https://www.vivino.com/salentein-portillo-malbec/w/1147628?year=2024&price_id=38495087,Portillo Malbec,2024,Salentein,3.7,224,13.64,55.200945%,28.89394%,22.263585000000003%,37.661134999999994%,"{'black fruit': 814, 'oaky': 487, 'red fruit': 330, 'earthy': 210, 'spices': 156, 'yeasty': 47, 'dried fruit': 31, 'floral': 25, 'tree fruit': 24, 'citrus': 23, 'ageing': 11, 'vegetal': 10, 'tropical': 6}","['beef', 'lamb']",['Malbec'],"['Argentina', 'Mendoza', 'Uco Valley', 'Tunuyán']",Argentinian Uco Valley Malbec Red,https://images.vivino.com/thumbs/X66awx-nQnGmwErUGXWJ-w_pb_x600.png
https://www.vivino.com/ar-flechas-de-los-andes-punta-de-flechas-malbec/w/1171982?year=2021&price_id=37673649,Punta de Flechas Malbec,2021,Flechas de los Andes,3.7,215,19.59,60.009795%,30.502382499999996%,23.078324999999996%,34.5179375%,"{'black fruit': 77, 'oaky': 58, 'earthy': 49, 'red fruit': 25, 'spices': 15, 'yeasty': 5, 'tree fruit': 3, 'vegetal': 2, 'citrus': 2, 'dried fruit': 1, 'floral': 1}","['beef', 'lamb']",['Malbec'],"['Argentina', 'Mendoza', 'Uco Valley', 'Vista Flores']",Argentinian Uco Valley Malbec Red,https://images.vivino.com/thumbs/mmR-B7BLQ9i17VVb0nUc5w_pb_x600.png
https://www.vivino.com/escarcha-encubierto-blend-de-blancas/w/6107720?year=2018&price_id=33296899,Encubierto Blend de Blancas,2018,Escarcha,3.7,based,14.65,39.3944075%,,2.293477499999998%,49.1987575%,"{'tree fruit': 7, 'citrus': 4, 'spices': 2, 'yeasty': 2, 'floral': 1, 'vegetal': 1}","['pork', 'shellfish', 'vegetarian', 'mature and hard cheese', 'lean fish', 'mild and soft cheese']","['Viognier', 'Roussanne', 'Marsanne']","['Argentina', 'Mendoza', 'Uco Valley', 'Tupungato']",Argentinian White,https://images.vivino.com/thumbs/DR6Q-QfYSrWLDL0dFBfbFQ_150x200.jpg
https://www.vivino.com/escarcha-encubierto-blend-de-blancas/w/6107720?year=2019&price_id=38068488,Encubierto Blend de Blancas,2019,Escarcha,3.7,based,17.80,39.3944075%,,2.293477499999998%,49.1987575%,"{'tree fruit': 7, 'citrus': 4, 'spices': 2, 'yeasty': 2, 'floral': 1, 'vegetal': 1}","['pork', 'shellfish', 'vegetarian', 'mature and hard cheese', 'lean fish', 'mild and soft cheese']","['Viognier', 'Roussanne', 'Marsanne']","['Argentina', 'Mendoza', 'Uco Valley', 'Tupungato']",Argentinian White,https://images.vivino.com/thumbs/Ab96SIPiSkaN3yL2MHtIDg_150x200.jpg
https://www.vivino.com/nomade-pinot-noir/w/3622676?year=2021&price_id=34442249,Pinot Noir,2021,Nōmade,3.7,based,20.99,48.425575%,23.740694999999995%,9.091862499999998%,50.158135%,"{'oaky': 6, 'red fruit': 3, 'earthy': 2}","['beef', 'veal', 'poultry', 'game (deer, venison)']",['Pinot Noir'],"['Argentina', 'Patagonia']",Argentinian Pinot Noir,https://images.vivino.com/thumbs/U9PUTt8fSP28_JzXhnNq_Q_pb_x600.png
https://www.vivino.com/girl-and-dragon-malbec/w/2463387?year=2019&price_id=26594001,Malbec,2019,Girl & Dragon,3.7,196,16.79,65.687555%,21.497355000000002%,15.367542499999999%,37.47009%,"{'oaky': 147, 'black fruit': 131, 'red fruit': 96, 'earthy': 66, 'spices': 44, 'yeasty': 15, 'dried fruit': 5, 'ageing': 4, 'citrus': 4, 'vegetal': 2, 'tree fruit': 2, 'floral': 1}","['beef', 'lamb', 'pork']",['100%Malbec'],"['Argentina', 'Mendoza']",Argentinian Mendoza Malbec Red,https://images.vivino.com/thumbs/gMJMYARhRZmnGIX10nIxmg_pb_x600.png
https://www.vivino.com/bodega-norton-onehundredone-bubbles-mendoza/w/6153130?price_id=35546763,101 Bubbles,N.V.,Bodega Norton,3.7,193,17.06, 17.5%,,, 81.1038%,"{'tree fruit': 20, 'citrus': 10, 'earthy': 6, 'yeasty': 3, 'ageing': 2, 'vegetal': 1}","['shellfish', 'any junk food will do', 'appetizers and snacks', 'lean fish', 'aperitif']",['100%Grüner Veltliner'],"['Argentina', 'Mendoza']",Argentinian Mendoza Sparkling,https://images.vivino.com/thumbs/rTUoaD7IQre-G4KPGaBEwA_pb_x600.png
https://www.vivino.com/recuerdo-aliado-malbec/w/1956512?year=2011&price_id=36387930,Aliado Malbec,2011,Recuerdo,3.7,190,30,67.08979500000001%,29.542517500000002%,13.951700000000002%,33.593875000000004%,"{'black fruit': 14, 'earthy': 13, 'oaky': 13, 'spices': 4, 'red fruit': 3, 'yeasty': 1, 'dried fruit': 1, 'citrus': 1}","['beef', 'lamb']",['Malbec'],"['Argentina', 'Mendoza', 'Uco Valley']",Argentinian Uco Valley Malbec Red,https://images.vivino.com/thumbs/j_CyVsrDQ1WD-ldoLW149A_pb_x600.png
https://www.vivino.com/domaine-bousquet-gualtallary-organic-cabernet-sauvignon/w/779027?year=2022&price_id=37091534,Organic Cabernet Sauvignon,2022,Domaine Bousquet,3.7,187,16.97,62.2714575%,55.114250000000006%,8.702792500000001%,45.7222925%,"{'oaky': 184, 'black fruit': 169, 'red fruit': 136, 'earthy': 72, 'spices': 35, 'dried fruit': 9, 'vegetal': 9, 'floral': 8, 'tree fruit': 7, 'yeasty': 7, 'ageing': 2, 'tropical': 2}","['beef', 'lamb', 'poultry']",['100%Cabernet Sauvignon'],"['Argentina', 'Mendoza', 'Uco Valley', 'Tupungato']",Argentinian Cabernet Sauvignon,https://images.vivino.com/thumbs/NEtIE5GlSv-y-f8gs1jBuA_pb_x600.png
https://www.vivino.com/alicia-paso-de-piedra-cabernet-sauvignon/w/1221211?year=2013&price_id=14872869,Paso de Piedra Cabernet Sauvignon,2013,Viña Alicia,3.7,186,19.99,64.36019999999999%,53.220772499999995%,5.758890000000001%,46.507425%,"{'oaky': 31, 'black fruit': 25, 'spices': 16, 'earthy': 13, 'red fruit': 13, 'citrus': 3, 'ageing': 2, 'vegetal': 2}","['beef', 'lamb', 'poultry']",['100%Cabernet Sauvignon'],"['Argentina', 'Mendoza', 'Lujan de Cuyo']",Argentinian Cabernet Sauvignon,https://images.vivino.com/thumbs/bUCP_hqyTeOHkE4uNjMiCw_pb_x600.png
https://www.vivino.com/cueva-de-las-manos-malbec/w/2556365?year=2021&price_id=37459156,Malbec,2021,Cueva de Las Manos,3.7,171,25.19,58.2634075%,25.057570000000005%,16.39117%,39.5512625%,"{'black fruit': 11, 'oaky': 6, 'ageing': 1, 'spices': 1, 'red fruit': 1, 'dried fruit': 1}","['beef', 'lamb', 'pork']",['Malbec'],"['Argentina', 'Mendoza']",Argentinian Mendoza Malbec Red,https://images.vivino.com/thumbs/o4zNr8LrToilhrVN9VraqQ_pb_x600.png
https://www.vivino.com/tussock-jumper-malbec/w/1449276?year=2023&price_id=37811826,Malbec,2023,Tussock Jumper,3.7,169,12.99,63.872015000000005%,25.793772499999996%,16.249245000000002%,34.886167500000006%,"{'oaky': 440, 'black fruit': 347, 'red fruit': 231, 'earthy': 81, 'spices': 61, 'dried fruit': 29, 'yeasty': 21, 'floral': 18, 'vegetal': 6, 'citrus': 6, 'tree fruit': 5, 'ageing': 3, 'tropical': 2}","['beef', 'lamb', 'poultry']",['Malbec'],"['Argentina', 'San Juan']",Argentinian Malbec,https://images.vivino.com/thumbs/0xafNg--TqKheToB4Y8vyQ_pb_x600.png
https://www.vivino.com/el-esteco-don-david-tannat/w/1193500?year=2021&price_id=31936639,Don David Tannat,2021,El Esteco,3.7,155,21.39,,,,,"{'oaky': 16, 'black fruit': 6, 'red fruit': 5, 'spices': 4, 'earthy': 4, 'floral': 1}","['beef', 'lamb', 'poultry']",['Tannat'],"['Argentina', 'Salta']",14%,https://images.vivino.com/thumbs/1xFk7Ds4Sni3utByf04sTg_pb_x600.png
https://www.vivino.com/finca-decero-flight-of-the-condor-malbec/w/9026281?year=2020&price_id=31784297,Flight of the Condor Malbec,2020,Finca Decero,3.7,141,17.84,65.613585%,27.483592500000007%,16.44691%,34.360045%,"{'black fruit': 41, 'oaky': 29, 'spices': 10, 'red fruit': 6, 'yeasty': 3, 'earthy': 2, 'ageing': 1, 'floral': 1}","['beef', 'lamb', 'pork']",['100%Malbec'],"['Argentina', 'Mendoza']",Argentinian Mendoza Malbec Red,https://images.vivino.com/thumbs/_XDWzY5NTCGLaQeSiMs6hQ_pb_x600.png
https://www.vivino.com/santa-julia-reserva-cabernet-sauvignon/w/1519678?year=2022&price_id=36480127,Reserva Cabernet Sauvignon,2022,Santa Julia,3.7,137,13.99,63.659025%,53.221815%,7.588055000000001%,44.781725%,"{'black fruit': 191, 'oaky': 163, 'earthy': 68, 'red fruit': 45, 'spices': 25, 'yeasty': 12, 'dried fruit': 5, 'vegetal': 5, 'floral': 4, 'ageing': 2, 'tree fruit': 2, 'citrus': 2}","['beef', 'lamb', 'poultry']",['100%Cabernet Sauvignon'],"['Argentina', 'Mendoza', 'Uco Valley']",Argentinian Cabernet Sauvignon,https://images.vivino.com/thumbs/pkt2Rx2oTEKVxffexau5ww_pb_x600.png
https://www.vivino.com/ar-pascual-toso-malbec/w/1084095?year=2022&price_id=36368250,Malbec,2022,Pascual Toso,3.7,134,15.70,60.639195%,24.281475000000004%,17.0916225%,35.30237%,"{'oaky': 532, 'black fruit': 425, 'earthy': 231, 'red fruit': 107, 'spices': 106, 'yeasty': 35, 'dried fruit': 16, 'floral': 13, 'tree fruit': 12, 'ageing': 11, 'citrus': 5, 'vegetal': 4}","['beef', 'lamb', 'pork']",['Malbec'],"['Argentina', 'Mendoza']",Argentinian Mendoza Malbec Red,https://images.vivino.com/thumbs/toIDvGr7Rqyxl_L-_wq7Sg_pb_x600.png
https://www.vivino.com/chakana-nuna-estate-white-blend-lujan-de-cuyo/w/5700203?year=2018&price_id=25319279,Nuna Estate White Blend,2018,Chakana,3.7,127,13.64,41.793589999999995%,,11.221112499999997%,54.771005%,"{'tree fruit': 22, 'earthy': 15, 'citrus': 7, 'oaky': 6, 'spices': 3, 'tropical': 3, 'yeasty': 2, 'ageing': 1, 'black fruit': 1}","['pork', 'shellfish', 'vegetarian', 'mature and hard cheese', 'lean fish', 'mild and soft cheese']","['Chardonnay', 'Sauvignon Blanc', 'Viognier']","['Argentina', 'Mendoza', 'Lujan de Cuyo']",Argentinian White,https://images.vivino.com/thumbs/6H-e9C7sR0y8J8mk_fO-jg_pb_x600.png
https://www.vivino.com/altos-las-hormigas-blanco/w/9003790?year=2022&price_id=32767418,Blanco,2022,Altos Las Hormigas,3.7,115,16.88,44.5260575%,,9.288775000000001%,46.5580025%,"{'citrus': 11, 'tree fruit': 10, 'earthy': 7, 'tropical': 5, 'oaky': 3, 'vegetal': 2, 'yeasty': 2, 'ageing': 2, 'spices': 2}","['pork', 'shellfish', 'vegetarian', 'mature and hard cheese', 'lean fish', 'mild and soft cheese']","['Chenin Blanc', 'Sémillon', 'Pedro Giménez']","['Argentina', 'Mendoza']",Argentinian White,https://images.vivino.com/thumbs/WtUTz_LiSOyApijM99dDKA_pb_x600.png
https://www.vivino.com/tilia-chardonnay/w/87732?year=2022&price_id=37942097,Chardonnay,2022,Tilia,3.7,116,20,53.41282999999999%,,17.322652499999997%,39.326285%,"{'oaky': 127, 'tree fruit': 98, 'citrus': 60, 'tropical': 28, 'yeasty': 25, 'earthy': 20, 'vegetal': 10, 'ageing': 8, 'spices': 3, 'black fruit': 3, 'red fruit': 3, 'floral': 2, 'dried fruit': 1}","['pork', 'vegetarian', 'poultry', 'rich fish (salmon, tuna etc)']",['100%Chardonnay'],"['Argentina', 'Mendoza']",Argentinian Chardonnay,https://images.vivino.com/thumbs/FhiOryRxSGCTumOfyfqs6Q_pb_x600.png
https://www.vivino.com/jelu-pinot-noir/w/1723263?year=2018&price_id=34251819,Pinot Noir,2018,Jelu Estate,3.7,115,20.99,42.762255%,11.4541575%,8.836885000000002%,50.60715%,"{'red fruit': 49, 'black fruit': 37, 'earthy': 24, 'spices': 12, 'oaky': 10, 'dried fruit': 5, 'ageing': 2, 'floral': 2, 'yeasty': 1, 'citrus': 1}","['beef', 'veal', 'poultry', 'game (deer, venison)']",['100%Pinot Noir'],"['Argentina', 'Patagonia']",Argentinian Pinot Noir,https://images.vivino.com/thumbs/N85Q-LsbTIyAyZE9QX_suw_pb_x600.png
https://www.vivino.com/dona-paula-altitude-series-1100-red/w/2270204?year=2016&price_id=26667675,Altitude Series 1100 Red,2016,Doña Paula,3.7,114,20.99,63.8232575%,37.728064999999994%,30.252067499999995%,52.498137500000006%,"{'black fruit': 57, 'oaky': 53, 'earthy': 17, 'red fruit': 16, 'spices': 15, 'floral': 6, 'ageing': 4, 'yeasty': 2, 'citrus': 2, 'vegetal': 1, 'tree fruit': 1}","['beef', 'lamb', 'pork', 'poultry', 'mushrooms', 'blue cheese']","['Shiraz/Syrah', 'Cabernet Sauvignon', 'Malbec']","['Argentina', 'Mendoza', 'Uco Valley', 'San Carlos']",Argentinian Malbec Red Blend,https://images.vivino.com/thumbs/8PwZWCy2RpSyTlpzV3rZGA_pb_x600.png
https://www.vivino.com/artesano-mendoza-organic-white-malbec/w/9972694?year=2022&price_id=34223660,Organic White Malbec,2022,Artesano,3.7,110,27.17,43.855045%,,10.9277075%,51.5839625%,"{'tree fruit': 49, 'citrus': 41, 'earthy': 19, 'tropical': 6, 'vegetal': 5, 'spices': 3, 'floral': 3, 'ageing': 2, 'black fruit': 1, 'red fruit': 1, 'oaky': 1}","['pork', 'shellfish', 'vegetarian', 'mature and hard cheese', 'lean fish', 'mild and soft cheese']",['Malbec'],"['Argentina', 'Mendoza', 'Agrelo']",Argentinian White,https://images.vivino.com/thumbs/1a2TlANPSb2oLoFFfntxiw_pb_x600.png
https://www.vivino.com/santa-julia-el-cabrito-cabernet-sauvignon-natural/w/12135888?year=2023&price_id=35184970,El Cabrito Cabernet Sauvignon Natural,2023,Santa Julia,3.7,based,20.99,51.83333%,44.3333325%,32.666665%,45.3333375%,{},"['beef', 'lamb', 'poultry']",['Cabernet Sauvignon'],"['Argentina', 'Mendoza', 'Maipu']",Argentinian Cabernet Sauvignon,https://images.vivino.com/thumbs/GuWHquUGQG2EaZJ_03yfbQ_150x200.jpg
https://www.vivino.com/bodegas-bianchi-gran-famiglia-bianchi-malbec/w/6385564?year=2017&price_id=29395427,Gran Famiglia Bianchi Malbec,2017,Bodegas Bianchi,3.7,107,33.33,58.047312500000004%,46.7658575%,26.038025000000005%,43.000262500000005%,"{'oaky': 14, 'black fruit': 10, 'spices': 9, 'red fruit': 4, 'earthy': 4}","['beef', 'lamb']",['100%Malbec'],"['Argentina', 'Mendoza', 'Uco Valley']",Argentinian Uco Valley Malbec Red,https://images.vivino.com/thumbs/eanEH2OrT8SVT9JjZ1NDdA_pb_x600.png
https://www.vivino.com/tilia-malbec-syrah/w/87731?year=2021&price_id=33243505,Malbec - Syrah,2021,Tilia,3.7,106,14.69,66.51023500000001%,36.89852749999999%,29.8305675%,52.6658825%,"{'black fruit': 113, 'oaky': 98, 'red fruit': 55, 'earthy': 39, 'spices': 21, 'yeasty': 7, 'citrus': 5, 'floral': 4, 'ageing': 3, 'vegetal': 3, 'tree fruit': 3, 'dried fruit': 2}","['beef', 'lamb', 'pork', 'poultry', 'mushrooms', 'blue cheese']","['Shiraz/Syrah', 'Malbec']","['Argentina', 'Mendoza']",Argentinian Malbec Red Blend,https://images.vivino.com/thumbs/2rDopimGS5GrMIVTLvkLIw_pb_x600.png
https://www.vivino.com/tintonegro-cabernet-franc/w/3874618?year=2020&price_id=36459075,Cabernet Franc,2020,Tinto Negro (TintoNegro),3.7,99,21.99,50.586025%,53.41869%,14.669355000000003%,50.431452500000006%,"{'oaky': 24, 'earthy': 16, 'red fruit': 14, 'black fruit': 13, 'spices': 3, 'vegetal': 2, 'tree fruit': 1, 'yeasty': 1}","['beef', 'lamb', 'pork', 'vegetarian', ""goat's milk cheese"", 'cured meat']",['Cabernet Franc'],"['Argentina', 'Mendoza', 'Uco Valley']",Argentinian Uco Valley Cabernet Franc Red,https://images.vivino.com/thumbs/0LuuuDtESKCLXocwBLYtFg_pb_x600.png
https://www.vivino.com/santa-julia-el-burro-malbec-natural/w/8883983?year=2023&price_id=36807236,El Burro Malbec Natural,2023,Santa Julia,3.7,100,34.95,58.13785%,32.96127499999999%,14.849599999999999%,42.679784999999995%,"{'black fruit': 220, 'oaky': 70, 'earthy': 65, 'red fruit': 58, 'spices': 30, 'yeasty': 17, 'floral': 8, 'citrus': 4, 'ageing': 1, 'tropical': 1, 'tree fruit': 1, 'vegetal': 1}","['beef', 'lamb', 'pork']",['100%Malbec'],"['Argentina', 'Mendoza', 'Maipu']",Argentinian Mendoza Malbec Red,https://images.vivino.com/thumbs/c9_bqA21TwOMyoVMr6swvw_pb_x600.png
https://www.vivino.com/finca-la-igriega-malbec-rose-paraje-altamira/w/6182810?year=2019&price_id=35920340,Malbec Rosé,2019,Finca La Igriega,3.7,based,25,42.5%,,5%,42.5%,{'earthy': 1},"['spicy food', 'mature and hard cheese', 'appetizers and snacks', 'blue cheese', 'cured meat']",['Malbec'],"['Argentina', 'Mendoza', 'Uco Valley', 'Paraje Altamira']",Argentinian Malbec Rosé,https://images.vivino.com/thumbs/u_ozts3kSM-shb0nCNouAw_150x200.jpg
https://www.vivino.com/alpamanta-natal-malbec/w/2441340?year=2019&price_id=31356362,Natal Malbec,2019,Alpamanta,3.7,91,23.09,64.1959%,27.094572499999998%,18.025325%,35.671805%,"{'black fruit': 62, 'oaky': 41, 'earthy': 35, 'red fruit': 24, 'yeasty': 6, 'spices': 5, 'floral': 2, 'ageing': 1, 'dried fruit': 1}","['beef', 'lamb', 'pork']",['100%Malbec'],"['Argentina', 'Mendoza']",Argentinian Mendoza Malbec Red,https://images.vivino.com/thumbs/qgtWG-jbQvCT_FLtS9v8lA_pb_x600.png
https://www.vivino.com/renacer-punto-final-naranjo/w/10494012?year=2022&price_id=34204477,Punto Final Naranjo,2022,Renacer,3.7,89,27.99,42.847865000000006%,,35.621005000000004%,44.426159999999996%,{},"['pork', 'vegetarian', 'poultry', 'rich fish (salmon, tuna etc)']",['Chardonnay'],"['Argentina', 'Mendoza']",Argentinian Chardonnay,https://images.vivino.com/thumbs/hjvE2qUDRdakSYoT4IfEXQ_150x200.jpg
https://www.vivino.com/lamadrid-malbec-single-vineyard/w/1162741?year=2022&price_id=38031652,Malbec Single Vineyard,2022,Lamadrid,3.7,85,19.97,66.331415%,31.0655875%,19.092045%,37.065267500000004%,"{'black fruit': 56, 'oaky': 41, 'red fruit': 26, 'earthy': 23, 'spices': 20, 'ageing': 3, 'yeasty': 2, 'vegetal': 2, 'dried fruit': 2, 'tree fruit': 1, 'floral': 1}","['beef', 'lamb']",['Malbec'],"['Argentina', 'Mendoza', 'Agrelo']",Argentinian Agrelo Malbec Red,https://images.vivino.com/thumbs/Vn-S7ee-Ql-vSZWfXxG0yw_pb_x600.png
https://www.vivino.com/antigal-uno-sauvignon-blanc/w/5935920?year=2022&price_id=33629344,UNO Sauvignon Blanc,2022,Antigal,3.7,82,20,39.943205%,,6.415432500000001%,66.65741%,"{'citrus': 34, 'tropical': 20, 'vegetal': 13, 'earthy': 12, 'tree fruit': 10, 'spices': 5, 'oaky': 5, 'yeasty': 2, 'dried fruit': 1, 'red fruit': 1}","['shellfish', 'vegetarian', ""goat's milk cheese""]",['100%Sauvignon Blanc'],"['Argentina', 'Mendoza']",Argentinian Sauvignon Blanc,https://images.vivino.com/thumbs/eJHWnKWMQGOWt69C1b94bA_pb_x600.png
https://www.vivino.com/the-icon-rock-cabernet-sauvignon/w/12083165?year=2022&price_id=34991449,Cabernet Sauvignon,2022,The Icon Rock,3.7,79,17.84,67.5%,67.5%,0,42.5%,{},"['beef', 'lamb', 'poultry']",['100%Cabernet Sauvignon'],"['Argentina', 'Mendoza']",Argentinian Cabernet Sauvignon,https://images.vivino.com/thumbs/OcddxupHRtOj1TkvKhztGQ_150x200.jpg
https://www.vivino.com/mauricio-lorca-malbec-vista-flores/w/7141764?year=2017&price_id=36883374,Malbec,2017,Mauricio Lorca,3.7,76,14.99,65.808695%,15.563042499999998%,4.941307499999999%,32.1021775%,"{'red fruit': 8, 'spices': 3, 'oaky': 3, 'black fruit': 2, 'yeasty': 2, 'earthy': 1}","['beef', 'lamb']",['Malbec'],"['Argentina', 'Mendoza', 'Uco Valley', 'Vista Flores']",Argentinian Uco Valley Malbec Red,https://images.vivino.com/thumbs/sCc6ZvrORMePUyLxPH2nag_pb_x600.png
https://www.vivino.com/trapiche-tesoro-cabernet-sauvignon/w/11003269?year=2021&price_id=34224917,Tesoro Cabernet Sauvignon,2021,Trapiche,3.7,76,19.17,66.52595%,63.409835%,0.8442599999999985%,42.2213075%,"{'black fruit': 4, 'oaky': 2, 'red fruit': 1, 'spices': 1}","['beef', 'lamb', 'poultry']",['Cabernet Sauvignon'],"['Argentina', 'Mendoza', 'Uco Valley']",Argentinian Cabernet Sauvignon,https://images.vivino.com/thumbs/mW3_5ECgRrC3iIbIjE6K3Q_pb_x600.png
https://www.vivino.com/diseno-old-vine-malbec/w/1141513?year=2022&price_id=37874471,Old Vine Malbec,2022,Diseño,3.7,76,14.30,66.711545%,21.878355%,14.742709999999999%,34.11284%,"{'oaky': 796, 'black fruit': 597, 'earthy': 270, 'red fruit': 231, 'spices': 111, 'yeasty': 48, 'tree fruit': 26, 'dried fruit': 21, 'citrus': 15, 'ageing': 13, 'vegetal': 8, 'floral': 6, 'tropical': 3}","['beef', 'lamb', 'pork']",['Malbec'],"['Argentina', 'Mendoza']",Argentinian Mendoza Malbec Red,https://images.vivino.com/thumbs/UclxwSTkRgShvwqZ265ooA_pb_x600.png
https://www.vivino.com/nomade-torrontes/w/1173937?year=2023&price_id=34442219,Torrontés,2023,Nōmade,3.7,based,20.99,55%,,0,57.971697500000005%,"{'tropical': 2, 'oaky': 2, 'yeasty': 1, 'citrus': 1, 'vegetal': 1, 'earthy': 1}","['vegetarian', 'spicy food', 'aperitif']",['Torrontés'],"['Argentina', 'Salta', 'Calchaqui Valley', 'Cafayate Valley']",Argentinian Torrontés,https://images.vivino.com/thumbs/Ar4YtwKzSQKtNZXtRkmQGw_pb_x600.png
https://www.vivino.com/santa-julia-plus-viognier/w/2918787?year=2015&price_id=37946753,[+] (Plus) Viognier,2015,Santa Julia,3.7,based,20,52.67895%,,24.973682500000002%,19.33158%,"{'citrus': 13, 'tree fruit': 8, 'earthy': 5, 'floral': 4, 'tropical': 2, 'oaky': 1, 'vegetal': 1, 'yeasty': 1}","['pork', 'poultry', 'rich fish (salmon, tuna etc)', 'spicy food']",['100%Viognier'],"['Argentina', 'Mendoza']",Argentinian Viognier,https://images.vivino.com/thumbs/UQ_m5mLyTlCiE2e4wMjaOw_pb_x600.png
https://www.vivino.com/finca-la-celia-elite-malbec/w/1687625?year=2021&price_id=38477834,Elite Malbec,2021,Finca La Celia,3.7,56,32.08,59.1285625%,29.01654%,22.493879999999994%,37.872135%,"{'oaky': 73, 'black fruit': 71, 'earthy': 30, 'red fruit': 21, 'spices': 15, 'floral': 5, 'ageing': 3, 'yeasty': 3, 'dried fruit': 3, 'vegetal': 2}","['beef', 'lamb']",['Malbec'],"['Argentina', 'Mendoza', 'Uco Valley']",Argentinian Uco Valley Malbec Red,https://images.vivino.com/thumbs/6jFcDk_dRpO0-hb_LyXBbw_pb_x600.png
https://www.vivino.com/andeluna-cellars-thirteen-zero-zero-chardonnay/w/2506660?year=2022&price_id=32924126,1300 Chardonnay,2022,Andeluna,3.7,57,17.84,51.4113525%,,12.8779225%,44.415389999999995%,"{'citrus': 50, 'oaky': 39, 'tree fruit': 24, 'tropical': 20, 'yeasty': 10, 'earthy': 10, 'vegetal': 10, 'ageing': 4, 'spices': 2, 'black fruit': 1}","['pork', 'vegetarian', 'poultry', 'rich fish (salmon, tuna etc)']",['100%Chardonnay'],"['Argentina', 'Mendoza', 'Uco Valley']",Argentinian Chardonnay,https://images.vivino.com/thumbs/683L-CBiRc-FFe_T2ebngg_pb_x600.png
https://www.vivino.com/don-genaro-malbec/w/1364753?year=2023&price_id=38257376,Malbec,2023,Don Genaro,3.7,53,22.04,59.543724999999995%,25.898467499999995%,15.5328525%,34.455034999999995%,"{'oaky': 15, 'black fruit': 7, 'earthy': 7, 'red fruit': 6, 'spices': 2}","['beef', 'lamb', 'pork']",['Malbec'],"['Argentina', 'Mendoza']",Argentinian Mendoza Malbec Red,https://images.vivino.com/thumbs/bdPnkwtvQeSOtjyvW2w12Q_pb_x600.png
https://www.vivino.com/ar-antucura-cabernet-sauvignon/w/2484763?year=2018&price_id=38234895,Cabernet Sauvignon,2018,Antucura,3.7,49,16.14,65.65905000000001%,50.239%,5.465312499999998%,44.7077075%,"{'oaky': 17, 'earthy': 12, 'red fruit': 12, 'black fruit': 9, 'spices': 4, 'yeasty': 2, 'floral': 2, 'ageing': 1, 'vegetal': 1}","['beef', 'lamb', 'poultry']",['Cabernet Sauvignon'],"['Argentina', 'Mendoza', 'Uco Valley', 'Vista Flores']",Argentinian Cabernet Sauvignon,https://images.vivino.com/thumbs/kpYXoidhRt2cB9uJ5GhyZg_pb_x600.png
https://www.vivino.com/passionate-via-revolucionaria-semillon-hulk/w/2459891?year=2022&price_id=35261613,Via Revolucionaria Sémillon Hulk,2022,Passionate,3.7,48,20.40,42.6082425%,,14.323325%,57.22066749999999%,"{'earthy': 43, 'citrus': 35, 'tree fruit': 23, 'yeasty': 9, 'tropical': 8, 'floral': 3, 'oaky': 2, 'red fruit': 1, 'vegetal': 1, 'ageing': 1}","['pork', 'shellfish', 'rich fish (salmon, tuna etc)', 'lean fish', ""goat's milk cheese""]",['Sémillon'],"['Argentina', 'Mendoza']",Argentinian Sémillon White,https://images.vivino.com/thumbs/Br4y6148RlGULdhUVjL-eA_pb_x600.png
https://www.vivino.com/colores-del-sol-malbec-reserva/w/1621255?year=2021&price_id=33375264,Malbec Reserva,2021,Colores del Sol,3.7,45,18.95,65.11802%,21.107065%,14.83906%,35.3135225%,"{'oaky': 278, 'black fruit': 226, 'red fruit': 161, 'earthy': 80, 'spices': 67, 'yeasty': 12, 'tree fruit': 8, 'citrus': 7, 'floral': 5, 'vegetal': 4, 'dried fruit': 3, 'ageing': 1, 'tropical': 1}","['beef', 'lamb', 'pork']",['Malbec'],"['Argentina', 'Mendoza']",Argentinian Mendoza Malbec Red,https://images.vivino.com/thumbs/rUmuDobPQFeD8J5QFuTC3w_pb_x600.png
https://www.vivino.com/reunion-malbec/w/1195254?year=2023&price_id=35784322,Malbec,2023,Reunión,3.7,40,18.57,66.9238925%,23.81465%,11.248452500000003%,36.85106%,"{'black fruit': 72, 'earthy': 45, 'red fruit': 45, 'oaky': 43, 'spices': 22, 'yeasty': 8, 'vegetal': 3, 'floral': 2, 'dried fruit': 2, 'citrus': 1, 'tree fruit': 1}","['beef', 'lamb', 'pork']",['Malbec'],"['Argentina', 'Mendoza']",Argentinian Mendoza Malbec Red,https://images.vivino.com/thumbs/Enqw_NgtTw2_yOFle499Qw_pb_x600.png
https://www.vivino.com/vallisto-extremo-viejas-blancas-cafayate-white-wine/w/7382078?year=2021&price_id=34266268,Extremo Viejas Blancas,2021,Vallisto,3.7,38,26.24,44.98316%,,15.665815000000002%,48.700002500000004%,"{'tree fruit': 11, 'citrus': 9, 'vegetal': 5, 'earthy': 4, 'spices': 3, 'tropical': 2, 'floral': 1, 'yeasty': 1}","['pork', 'shellfish', 'vegetarian', 'mature and hard cheese', 'lean fish', 'mild and soft cheese']",['Argentina/Salta/Calchaqui Valley/Cafayate Valley'],['Argentinian White'],10%,https://images.vivino.com/thumbs/LG7QEfU8QyyHHScO_5agZA_pb_x600.png
https://www.vivino.com/alpamanta-breva-pet-nat-criolla/w/8506962?year=2022&price_id=32969726,Breva Pet Nat Criolla,2022,Alpamanta,3.7,38,27.17,17.202605%,,,81.47630000000001%,"{'red fruit': 31, 'tree fruit': 2, 'yeasty': 2, 'citrus': 1, 'spices': 1, 'vegetal': 1}","['shellfish', 'any junk food will do', 'appetizers and snacks', 'lean fish', 'aperitif']",['Criolla Grande'],"['Argentina', 'Mendoza', 'Lujan de Cuyo']",Argentinian Mendoza Sparkling,https://images.vivino.com/thumbs/tzpSPI3IRqy5IrBYjD3VWw_pb_x600.png
https://www.vivino.com/dona-paula-estate-malbec/w/1489350?year=2023&price_id=38626407,Estate Malbec,2023,Doña Paula,3.7,34,14.99,62.4646525%,27.487342499999997%,17.014255000000002%,37.6909075%,"{'black fruit': 943, 'oaky': 622, 'earthy': 422, 'red fruit': 333, 'spices': 253, 'floral': 98, 'yeasty': 44, 'dried fruit': 33, 'vegetal': 20, 'ageing': 14, 'citrus': 14, 'tree fruit': 8, 'tropical': 5}","['beef', 'lamb']",['Malbec'],"['Argentina', 'Mendoza', 'Uco Valley']",Argentinian Uco Valley Malbec Red,https://images.vivino.com/thumbs/qT3hIy24SiK7b77cS7nZ6A_pb_x600.png
https://www.vivino.com/zolo-malbec/w/2487733?year=2023&price_id=38408199,Malbec,2023,Zolo,3.7,32,14.69,60.3353125%,24.686477500000002%,16.89758%,35.156499999999994%,"{'black fruit': 197, 'oaky': 188, 'red fruit': 115, 'earthy': 86, 'spices': 61, 'yeasty': 22, 'floral': 16, 'dried fruit': 6, 'citrus': 5, 'ageing': 3, 'vegetal': 3, 'tree fruit': 3}","['beef', 'lamb', 'pork']",['Malbec'],"['Argentina', 'Mendoza']",Argentinian Mendoza Malbec Red,https://images.vivino.com/thumbs/xkt9vxK0RMSXLv52tmHOVg_pb_x600.png
https://www.vivino.com/gauchezco-estate-malbec/w/1166598?year=2021&price_id=34891842,Estate Malbec,2021,Gauchezco,3.7,32,16.79,58.090745%,26.457462500000005%,22.073249999999994%,41.941720000000004%,"{'black fruit': 40, 'oaky': 23, 'earthy': 19, 'red fruit': 19, 'spices': 11, 'floral': 7, 'dried fruit': 6, 'vegetal': 2, 'tree fruit': 2, 'yeasty': 2, 'citrus': 1}","['beef', 'lamb', 'pork']",['Malbec'],"['Argentina', 'Mendoza']",Argentinian Mendoza Malbec Red,https://images.vivino.com/thumbs/r3zrKiGGQ7enG3f37MwJdQ_pb_x600.png
https://www.vivino.com/bodegas-bianchi-oasis-sur-cabernet-sauvignon/w/9544682?year=2020&price_id=25672240,Oasis Sur Cabernet Sauvignon,2020,Bodegas Bianchi,3.7,31,15.99,55.7780075%,55.297824999999996%,11.018532500000003%,46.714637499999995%,"{'earthy': 2, 'black fruit': 1, 'dried fruit': 1}","['beef', 'lamb', 'poultry']",['Cabernet Sauvignon'],"['Argentina', 'Mendoza', 'San Rafael']",Argentinian Cabernet Sauvignon,https://images.vivino.com/thumbs/hTM_cijERMmZ98YzMXY2vA_pb_x600.png
https://www.vivino.com/ocaso-malbec/w/1204304?year=2022&price_id=35304446,Malbec,2022,Ocaso,3.7,30,16.79,67.45334249999999%,22.843145000000003%,15.954395000000002%,33.5296%,"{'oaky': 62, 'earthy': 43, 'black fruit': 40, 'red fruit': 31, 'spices': 8, 'yeasty': 3, 'vegetal': 2, 'ageing': 1, 'citrus': 1}","['beef', 'lamb', 'pork']",['100%Malbec'],"['Argentina', 'Mendoza']",Argentinian Mendoza Malbec Red,https://images.vivino.com/thumbs/pg356SeDTbSge2F0TEdsUA_pb_x600.png
https://www.vivino.com/alto-limay-pinot-noir-rose/w/5461517?year=2017&price_id=30084598,Pinot Noir Rosé,2017,Alto Limay,3.7,based,18.89,42.5%,,22.678570000000004%,45.3928575%,"{'red fruit': 7, 'citrus': 6, 'earthy': 4}","['pork', 'shellfish', 'vegetarian', 'poultry', 'mild and soft cheese', 'aperitif']",['100%Pinot Noir'],"['Argentina', 'Patagonia']",Argentinian Rosé,https://images.vivino.com/thumbs/uB2d_1TfTk26N-jsE_ywgg_pb_x600.png
https://www.vivino.com/cara-sur-pergolas-criollas-blancas/w/6586247?year=2022&price_id=35275671,Pérgolas Criollas Blancas,2022,Cara Sur,3.7,28,22.10,55.048607499999996%,,0,63.46991%,"{'citrus': 9, 'tropical': 3, 'earthy': 2, 'dried fruit': 1, 'spices': 1, 'floral': 1, 'yeasty': 1, 'ageing': 1}","['vegetarian', 'spicy food', 'aperitif']",['Torrontés'],"['Argentina', 'San Juan']",Argentinian Torrontés,https://images.vivino.com/thumbs/PFfJDqBBR3iL97jdquOOfQ_150x200.jpg
https://www.vivino.com/colores-del-sol-malbec-reserva/w/1621255?year=2023&price_id=38030029,Malbec Reserva,2023,Colores del Sol,3.7,28,27.03,65.11802%,21.107065%,14.83906%,35.3135225%,"{'oaky': 278, 'black fruit': 226, 'red fruit': 161, 'earthy': 80, 'spices': 67, 'yeasty': 12, 'tree fruit': 8, 'citrus': 7, 'floral': 5, 'vegetal': 4, 'dried fruit': 3, 'ageing': 1, 'tropical': 1}","['beef', 'lamb', 'pork']",['Malbec'],"['Argentina', 'Mendoza']",Argentinian Mendoza Malbec Red,https://images.vivino.com/thumbs/rUmuDobPQFeD8J5QFuTC3w_pb_x600.png
https://www.vivino.com/andeluna-cellars-thirteen-zero-zero-torrontes/w/80342?year=2023&price_id=36956176,1300 Torrontés,2023,Andeluna,3.7,27,17.84,53.136205%,,4.963962499999997%,58.1813375%,"{'citrus': 53, 'tropical': 52, 'tree fruit': 49, 'earthy': 30, 'floral': 17, 'spices': 8, 'vegetal': 8, 'oaky': 6, 'yeasty': 5, 'ageing': 1, 'red fruit': 1}","['vegetarian', 'spicy food', 'aperitif']",['100%Torrontés'],"['Argentina', 'Mendoza', 'Uco Valley', 'Tupungato']",Argentinian Torrontés,https://images.vivino.com/thumbs/7AQXQeSsSyiRwrI5A0O_sw_pb_x600.png
https://www.vivino.com/toneles-tonel-22-cabernet-sauvignon/w/1232232?year=2021&price_id=35489428,Tonel 22 Cabernet Sauvignon,2021,Bodega Toneles,3.7,26,11.99,54.68608%,47.74798%,17.1506025%,37.3741675%,"{'oaky': 7, 'spices': 3, 'black fruit': 3, 'red fruit': 2, 'earthy': 1}","['beef', 'lamb', 'poultry']",['Cabernet Sauvignon'],"['Argentina', 'Mendoza']",Argentinian Cabernet Sauvignon,https://images.vivino.com/thumbs/0IXq8y40Q2acKM6QYXzglQ_pb_x600.png
https://www.vivino.com/ver-sacrum-dona-mencia-de-los-andes/w/8037146?year=2021&price_id=38477580,Doña Mencia de los Andes,2021,Ver Sacrum,3.7,25,40,,,,,"{'red fruit': 12, 'earthy': 11, 'black fruit': 8, 'oaky': 7, 'spices': 2, 'yeasty': 1, 'tree fruit': 1, 'vegetal': 1}","['beef', 'lamb', 'poultry']",['Mencia'],"['Argentina', 'Mendoza', 'Uco Valley']",Contains sulfites,https://images.vivino.com/thumbs/i8FWmFE3QQuda16ivQJ6BQ_pb_x600.png
https://www.vivino.com/septima-malbec/w/80080?year=2023&price_id=37304258,Malbec,2023,Séptima,3.6,based,16.08,59.353607499999995%,29.16104%,20.166884999999997%,36.6909075%,"{'black fruit': 346, 'oaky': 313, 'red fruit': 159, 'earthy': 105, 'spices': 88, 'yeasty': 27, 'dried fruit': 19, 'floral': 17, 'vegetal': 7, 'citrus': 7, 'ageing': 5, 'tree fruit': 2, 'tropical': 1}","['beef', 'lamb', 'pork']",['Malbec'],"['Argentina', 'Mendoza']",Argentinian Mendoza Malbec Red,https://images.vivino.com/thumbs/-sPQgu3FSUSwJiUNXFv88w_pb_x600.png
https://www.vivino.com/crios-malbec/w/1263840?year=2017&price_id=18343507,Malbec,2017,Crios,3.6,3939,16.79,61.35021999999999%,31.545715%,19.710342499999996%,39.152245%,"{'oaky': 544, 'black fruit': 487, 'red fruit': 271, 'earthy': 178, 'spices': 134, 'floral': 54, 'yeasty': 29, 'citrus': 23, 'dried fruit': 21, 'tree fruit': 16, 'ageing': 12, 'tropical': 7, 'vegetal': 4}","['beef', 'lamb']",['100%Malbec'],"['Argentina', 'Mendoza', 'Uco Valley']",Argentinian Uco Valley Malbec Red,https://images.vivino.com/thumbs/D3XGYUrIREmLd8GDrKWjyQ_pb_x600.png
https://www.vivino.com/graffigna-malbec/w/3445308?year=2021&price_id=38197712,Malbec,2021,Graffigna,3.6,based,27.99,63.0046725%,28.358475%,13.544269999999997%,37.119257499999996%,"{'black fruit': 128, 'oaky': 125, 'spices': 63, 'earthy': 62, 'red fruit': 57, 'ageing': 13, 'yeasty': 7, 'citrus': 7, 'dried fruit': 5, 'vegetal': 4, 'floral': 4}","['beef', 'lamb', 'poultry']",['100%Malbec'],"['Argentina', 'San Juan']",Argentinian Malbec,https://images.vivino.com/thumbs/kZ8bkLJdR5y7FIrujO7q_g_pb_x600.png
https://www.vivino.com/ar-antucura-barrandica-malbec-selection/w/1858063?year=2022&price_id=35077904,Barrandica Malbec Selection,2022,Antucura,3.6,based,22.04,58.84233499999999%,35.943382500000006%,25.21703%,38.4789325%,"{'black fruit': 30, 'oaky': 17, 'spices': 9, 'earthy': 8, 'red fruit': 7, 'ageing': 1, 'dried fruit': 1, 'yeasty': 1, 'citrus': 1}","['beef', 'lamb']",['Malbec'],"['Argentina', 'Mendoza', 'Uco Valley', 'Vista Flores']",Argentinian Uco Valley Malbec Red,https://images.vivino.com/thumbs/WIIF7ZiRRdKXqIyVeCzgPA_pb_x600.png
https://www.vivino.com/maipe-malbec-reserve/w/1140871?year=2022&price_id=33840417,Malbec Reserve,2022,Maipe,3.6,based,18.89,65.41833749999999%,22.749582500000006%,13.5143275%,34.06928%,"{'oaky': 75, 'black fruit': 73, 'earthy': 42, 'red fruit': 36, 'spices': 24, 'yeasty': 5, 'ageing': 3, 'citrus': 2, 'floral': 1, 'dried fruit': 1}","['beef', 'lamb', 'pork']",['100%Malbec'],"['Argentina', 'Mendoza']",Argentinian Mendoza Malbec Red,https://images.vivino.com/thumbs/J8m0gV2GS0Ouvxe5IgKJxQ_pb_x600.png
https://www.vivino.com/andeluna-cellars-raices-limited-edition-malbec/w/6960117?year=2022&price_id=36022262,Raices Limited Edition Malbec,2022,Andeluna,3.6,based,13.64,46.9290375%,38.521204999999995%,33.60123%,46.10465%,"{'black fruit': 45, 'oaky': 31, 'red fruit': 25, 'earthy': 15, 'spices': 9, 'floral': 4, 'dried fruit': 2, 'yeasty': 2, 'tree fruit': 1, 'citrus': 1}","['beef', 'lamb']",['Malbec'],"['Argentina', 'Mendoza', 'Uco Valley']",Argentinian Uco Valley Malbec Red,https://images.vivino.com/thumbs/NLK6Kry4RBGeIwlGL1306w_pb_x600.png
https://www.vivino.com/san-polo-mendoza-zentas-malbec/w/4895123?year=2023&price_id=38245915,Zentas Malbec,2023,San Polo,3.6,based,13.64,49.425242499999996%,34.2304625%,21.716390000000004%,39.298775000000006%,"{'black fruit': 6, 'oaky': 6, 'red fruit': 1, 'spices': 1}","['beef', 'lamb', 'pork']",['Malbec'],"['Argentina', 'Mendoza']",Argentinian Mendoza Malbec Red,https://images.vivino.com/thumbs/td_-2-hSRfGxmHetgOy0Hg_pb_x600.png
https://www.vivino.com/colores-del-sol-malbec/w/1134852?year=2021&price_id=38276870,Malbec,2021,Colores del Sol,3.6,based,18.34,65.7762925%,22.20587%,14.692050000000002%,34.070085%,"{'black fruit': 41, 'oaky': 28, 'red fruit': 27, 'spices': 14, 'earthy': 12, 'yeasty': 6, 'ageing': 4, 'citrus': 2, 'vegetal': 2, 'tree fruit': 1, 'floral': 1}","['beef', 'lamb', 'pork']",['Malbec'],"['Argentina', 'Mendoza']",Argentinian Mendoza Malbec Red,https://images.vivino.com/thumbs/sqlEVmM0TjWuQ86KprzOmA_pb_x600.png
https://www.vivino.com/red-diamond-malbec-mendoza/w/1276396?year=2019&price_id=30423209,Malbec,2019,Red Diamond,3.6,based,14.97,66.9080375%,21.121335000000002%,18.0877625%,33.40454999999999%,"{'oaky': 63, 'black fruit': 48, 'red fruit': 24, 'earthy': 13, 'spices': 8, 'yeasty': 5, 'vegetal': 3, 'ageing': 2, 'floral': 2, 'dried fruit': 1, 'tropical': 1}","['beef', 'lamb', 'pork']",['100%Malbec'],"['Argentina', 'Mendoza']",Argentinian Mendoza Malbec Red,https://images.vivino.com/thumbs/TNaUEhxIRZ69ONiUf-tetQ_pb_x600.png
https://www.vivino.com/trivento-reserve-white-malbec/w/7708062?year=2023&price_id=36515171,Reserve White Malbec,2023,Trivento,3.7,1012,10.99,42.774442500000006%,,15.869400000000002%,50.588649999999994%,"{'tree fruit': 136, 'citrus': 103, 'red fruit': 65, 'tropical': 21, 'earthy': 20, 'yeasty': 10, 'vegetal': 10, 'oaky': 8, 'black fruit': 5, 'ageing': 4, 'floral': 4, 'spices': 2, 'dried fruit': 1}","['pork', 'shellfish', 'vegetarian', 'mature and hard cheese', 'lean fish', 'mild and soft cheese']",['Malbec'],"['Argentina', 'Mendoza']",Argentinian White,https://images.vivino.com/thumbs/ZiH4G9CtQ1yVE5tSlwqTBw_pb_x600.png
https://www.vivino.com/tilia-bonarda/w/3331643?year=2022&price_id=35114016,Bonarda,2022,Tilia,3.6,based,16.79,44.520705%,21.557692499999998%,17.811392499999997%,70.02181250000001%,"{'black fruit': 66, 'oaky': 59, 'red fruit': 51, 'earthy': 41, 'spices': 27, 'yeasty': 5, 'ageing': 4, 'floral': 4, 'citrus': 3, 'vegetal': 3, 'tree fruit': 3, 'dried fruit': 1, 'tropical': 1}","['veal', 'pork', 'poultry', 'game (deer, venison)']",['100%Bonarda'],"['Argentina', 'Mendoza']",Argentinian Bonarda,https://images.vivino.com/thumbs/4LEcEhQpRZCditEpaSbuaw_pb_x600.png
https://www.vivino.com/toro-mendoza-centenario-malbec/w/5870933?year=2023&price_id=36573975,Centenario Malbec,2023,Toro,3.6,679,13.64,39.330422500000005%,36.14987%,29.805299999999995%,40.9333875%,"{'black fruit': 97, 'red fruit': 57, 'oaky': 48, 'spices': 20, 'earthy': 19, 'dried fruit': 7, 'tree fruit': 6, 'yeasty': 4, 'floral': 4, 'ageing': 3, 'citrus': 2, 'vegetal': 2}","['beef', 'lamb', 'pork']",['Malbec'],"['Argentina', 'Mendoza']",Argentinian Mendoza Malbec Red,https://images.vivino.com/thumbs/X32Oo95ySxKg3XqIVoXxAw_pb_x600.png
https://www.vivino.com/zorzal-terroir-unico-pinot-noir/w/1460260?year=2018&price_id=26600063,Terroir Único Pinot Noir,2018,Zorzal,3.6,628,13.64,38.172575%,14.2878675%,4.93628%,46.374652499999996%,"{'red fruit': 207, 'earthy': 96, 'oaky': 58, 'black fruit': 36, 'spices': 22, 'citrus': 8, 'floral': 8, 'yeasty': 6, 'tree fruit': 6, 'dried fruit': 4, 'vegetal': 4, 'tropical': 3, 'ageing': 2}","['beef', 'veal', 'poultry', 'game (deer, venison)']",['100%Pinot Noir'],"['Argentina', 'Mendoza', 'Uco Valley', 'Tupungato']",Argentinian Pinot Noir,https://images.vivino.com/thumbs/PBKknTsFQBWGQwDsO_VBQg_pb_x600.png
https://www.vivino.com/bellavista-estate-bueno-reserve-pinot-noir/w/1403441?year=2018&price_id=35848802,Bellavista Estate Proprietor Reserva Pinot Noir,2018,Bueno,3.6,545,31.67,30.501225000000005%,16.3025%,13.061334999999996%,39.533615%,"{'oaky': 9, 'red fruit': 7, 'earthy': 6, 'spices': 3, 'ageing': 1, 'floral': 1, 'yeasty': 1, 'black fruit': 1}","['beef', 'veal', 'poultry', 'game (deer, venison)']",['Pinot Noir'],"['Brazil', 'Rio Grande do Sul', 'Campanha']",Brazilian Pinot Noir,https://images.vivino.com/thumbs/1qxqgDTZSKmbxIIUh-ttPA_pb_x600.png
https://www.vivino.com/spice-block-malbec/w/1323732?year=2022&price_id=35454659,Malbec,2022,Spice Block,3.6,based,20.99,69.39706000000001%,24.152777499999996%,11.044932500000002%,33.900325%,"{'black fruit': 27, 'oaky': 23, 'spices': 8, 'red fruit': 6, 'earthy': 5, 'yeasty': 2, 'vegetal': 1}","['beef', 'lamb', 'pork']",['Malbec'],"['Argentina', 'Mendoza']",Argentinian Mendoza Malbec Red,https://images.vivino.com/thumbs/MeYxpRigTmG4rWE5DI9g2g_pb_x600.png
https://www.vivino.com/bodega-stella-crinita-omaggio-pet-nat/w/9139680?year=2023&price_id=38414620,Omaggio Pet Nat,2023,Bodega Stella Crinita,3.6,based,30.38,17.114945%,,,81.155175%,"{'citrus': 9, 'tree fruit': 8, 'tropical': 6, 'vegetal': 6, 'earthy': 5, 'red fruit': 3, 'yeasty': 2, 'black fruit': 1}","['shellfish', 'any junk food will do', 'appetizers and snacks', 'lean fish', 'aperitif']",['Shiraz/Syrah'],"['Argentina', 'Mendoza', 'Uco Valley', 'Vista Flores']",Argentinian Mendoza Sparkling,https://images.vivino.com/thumbs/pae98DicRISE5D8W9-EbYw_pb_x600.png
https://www.vivino.com/bodega-stella-crinita-omaggio-pet-nat/w/9139680?year=2022&price_id=38477218,Omaggio Pet Nat,2022,Bodega Stella Crinita,3.6,based,37.50,17.114945%,,,81.155175%,"{'citrus': 9, 'tree fruit': 8, 'tropical': 6, 'vegetal': 6, 'earthy': 5, 'red fruit': 3, 'yeasty': 2, 'black fruit': 1}","['shellfish', 'any junk food will do', 'appetizers and snacks', 'lean fish', 'aperitif']",['Shiraz/Syrah'],"['Argentina', 'Mendoza', 'Uco Valley', 'Vista Flores']",Argentinian Mendoza Sparkling,https://images.vivino.com/thumbs/pae98DicRISE5D8W9-EbYw_pb_x600.png
https://www.vivino.com/trapiche-oak-cask-cabernet-sauvignon/w/1141324?year=2021&price_id=33534922,Oak Cask Cabernet Sauvignon,2021,Trapiche,3.6,424,15.74,66.00561%,56.043130000000005%,5.3184450000000005%,44.629125%,"{'oaky': 397, 'black fruit': 303, 'earthy': 143, 'red fruit': 127, 'spices': 55, 'yeasty': 13, 'ageing': 8, 'citrus': 4, 'tree fruit': 4, 'dried fruit': 3, 'floral': 2, 'vegetal': 1, 'tropical': 1}","['beef', 'lamb', 'poultry']",['100%Cabernet Sauvignon'],"['Argentina', 'Mendoza']",Argentinian Cabernet Sauvignon,https://images.vivino.com/thumbs/UXBnsCZPTMiN5sIk63TiDQ_pb_x600.png
https://www.vivino.com/andeluna-cellars-raices-limited-edition-cabernet-sauvignon/w/7735881?year=2021&price_id=30552296,Raices Limited Edition Cabernet Sauvignon,2021,Andeluna,3.6,based,13.64,55.788057499999994%,52.603832499999996%,21.892892500000002%,43.537555%,"{'black fruit': 15, 'oaky': 12, 'spices': 11, 'earthy': 5, 'red fruit': 4, 'ageing': 1, 'tropical': 1, 'floral': 1}","['beef', 'lamb', 'poultry']",['100%Cabernet Sauvignon'],"['Argentina', 'Mendoza', 'Uco Valley']",Argentinian Cabernet Sauvignon,https://images.vivino.com/thumbs/Pm6mz6jfRyuy464yXN8ZEg_pb_x600.png
https://www.vivino.com/cueva-los-dos-juanes-malbec/w/1217556?year=2022&price_id=35181323,Malbec,2022,Los Dos,3.6,based,13.95,57.22256250000001%,19.332317500000002%,15.33079%,36.37956750000001%,"{'oaky': 6, 'black fruit': 2, 'yeasty': 2, 'spices': 1, 'red fruit': 1}","['beef', 'lamb', 'pork']",['Malbec'],"['Argentina', 'Mendoza']",Argentinian Mendoza Malbec Red,https://images.vivino.com/thumbs/1iVrxuFgS3O-RNib4sW61Q_pb_x600.png
https://www.vivino.com/salentein-portillo-cabernet-sauvignon/w/1149720?year=2022&price_id=38160141,Portillo Cabernet Sauvignon,2022,Salentein,3.6,374,15.95,55.78836%,51.594120000000004%,15.073942500000001%,43.1345%,"{'black fruit': 76, 'oaky': 52, 'red fruit': 38, 'spices': 37, 'earthy': 25, 'yeasty': 7, 'citrus': 5, 'dried fruit': 2, 'tree fruit': 2, 'floral': 2, 'vegetal': 2, 'ageing': 1}","['beef', 'lamb', 'poultry']",['Cabernet Sauvignon'],"['Argentina', 'Mendoza', 'Uco Valley', 'Tunuyán']",Argentinian Cabernet Sauvignon,https://images.vivino.com/thumbs/p5pmhDs2SOeRkAuU-127oA_pb_x600.png
https://www.vivino.com/tilia-chardonnay/w/87732?year=2021&price_id=27638177,Chardonnay,2021,Tilia,3.6,335,16.79,53.41282999999999%,,17.322652499999997%,39.326285%,"{'oaky': 127, 'tree fruit': 98, 'citrus': 60, 'tropical': 28, 'yeasty': 25, 'earthy': 20, 'vegetal': 10, 'ageing': 8, 'spices': 3, 'black fruit': 3, 'red fruit': 3, 'floral': 2, 'dried fruit': 1}","['pork', 'vegetarian', 'poultry', 'rich fish (salmon, tuna etc)']",['100%Chardonnay'],"['Argentina', 'Mendoza']",Argentinian Chardonnay,https://images.vivino.com/thumbs/FhiOryRxSGCTumOfyfqs6Q_pb_x600.png
https://www.vivino.com/quara-malbec/w/1739956?year=2020&price_id=26597458,Malbec,2020,Quara,3.6,319,16.79,52.69135%,29.080084999999997%,19.39555%,37.133179999999996%,"{'oaky': 64, 'black fruit': 53, 'red fruit': 44, 'earthy': 28, 'spices': 21, 'dried fruit': 6, 'yeasty': 5, 'ageing': 3, 'floral': 3, 'vegetal': 2, 'tree fruit': 2}","['beef', 'lamb']",['100%Malbec'],"['Argentina', 'Salta', 'Calchaqui Valley', 'Cafayate Valley']",Argentinian Salta Malbec Red,https://images.vivino.com/thumbs/gpwexwzXSS6bh2BIhTfRTg_pb_x600.png
https://www.vivino.com/abito-malbec/w/4194212?year=2022&price_id=36354484,Malbec,2022,Abito,3.6,based,30,46.89893%,39.799475%,30.763262499999996%,46.99805%,"{'black fruit': 4, 'oaky': 4, 'spices': 1, 'earthy': 1}","['beef', 'lamb', 'pork']",['Malbec'],"['Argentina', 'Mendoza', 'Maipu']",Argentinian Mendoza Malbec Red,https://images.vivino.com/thumbs/9PMws-69R9utmso-d8L9lA_150x200.jpg
https://www.vivino.com/tiza-el-ganador-malbec/w/1144687?year=2021&price_id=30711479,El Ganador Malbec,2021,Tiza,3.6,based,14.69,63.036410000000004%,23.912625000000006%,14.923547500000002%,36.161410000000004%,"{'oaky': 10, 'black fruit': 10, 'earthy': 6, 'spices': 5, 'red fruit': 2, 'ageing': 1}","['beef', 'lamb', 'pork']",['100%Malbec'],"['Argentina', 'Mendoza']",Argentinian Mendoza Malbec Red,https://images.vivino.com/thumbs/x-BGCfRKTH-Za-Lcn2poUA_pb_x600.png
https://www.vivino.com/pie-de-palo-viognier/w/1321361?year=2022&price_id=34251861,Viognier,2022,Pie de Palo,3.6,based,16.79,55.73198%,,31.870125%,10.421167500000003%,"{'tree fruit': 20, 'citrus': 19, 'tropical': 9, 'earthy': 7, 'oaky': 6, 'floral': 6, 'yeasty': 4, 'vegetal': 2, 'ageing': 1, 'red fruit': 1}","['pork', 'poultry', 'rich fish (salmon, tuna etc)', 'spicy food']",['Viognier'],"['Argentina', 'Mendoza']",Argentinian Viognier,https://images.vivino.com/thumbs/sjFA_DIgQBO0Kw66fD4Ngg_pb_x600.png
https://www.vivino.com/dona-paula-estate-cabernet-sauvignon/w/1722359?year=2021&price_id=34211465,Estate Cabernet Sauvignon,2021,Doña Paula,3.6,235,19.17,61.6182125%,53.0141275%,12.395770000000002%,46.293310000000005%,"{'black fruit': 72, 'oaky': 50, 'spices': 32, 'red fruit': 31, 'earthy': 23, 'yeasty': 6, 'vegetal': 5, 'ageing': 3, 'tropical': 2, 'dried fruit': 1}","['beef', 'lamb', 'poultry']",['Cabernet Sauvignon'],"['Argentina', 'Mendoza', 'Lujan de Cuyo']",Argentinian Cabernet Sauvignon,https://images.vivino.com/thumbs/HHy70mL5SJGVSfWXgdcunw_pb_x600.png
https://www.vivino.com/dona-paula-los-cardos-cabernet-sauvignon/w/24206?year=2022&price_id=34803579,Los Cardos Cabernet Sauvignon,2022,Doña Paula,3.6,233,13.64,62.52449%,51.401720000000005%,10.363332500000002%,43.992025%,"{'black fruit': 120, 'oaky': 100, 'red fruit': 58, 'spices': 52, 'earthy': 42, 'yeasty': 14, 'dried fruit': 9, 'tree fruit': 7, 'citrus': 7, 'ageing': 5, 'vegetal': 3, 'floral': 3}","['beef', 'lamb', 'poultry']",['Cabernet Sauvignon'],"['Argentina', 'Mendoza', 'Lujan de Cuyo']",Argentinian Cabernet Sauvignon,https://images.vivino.com/thumbs/4YDE5yoGSNC56-SfB-1Z5w_pb_x600.png
https://www.vivino.com/bodegas-bianchi-famiglia-bianchi-cabernet-sauvignon/w/13840?year=2020&price_id=28971976,Famiglia Bianchi Cabernet Sauvignon,2020,Bodegas Bianchi,3.6,222,19.99,63.05788%,53.515535%,14.660387499999999%,43.0963075%,"{'oaky': 132, 'black fruit': 85, 'earthy': 56, 'spices': 33, 'red fruit': 28, 'yeasty': 11, 'dried fruit': 6, 'citrus': 5, 'vegetal': 5, 'ageing': 3, 'tree fruit': 2, 'floral': 1}","['beef', 'lamb', 'poultry']",['100%Cabernet Sauvignon'],"['Argentina', 'Mendoza', 'San Rafael']",Argentinian Cabernet Sauvignon,https://images.vivino.com/thumbs/NxVljCv5Samp3r_7VbM5hA_pb_x600.png
https://www.vivino.com/argento-malbec/w/1145637?year=2022&price_id=37283343,Malbec,2022,Argento,3.6,187,10.99,61.747060000000005%,26.14720249999999%,21.241545000000002%,34.5668775%,"{'black fruit': 454, 'oaky': 273, 'red fruit': 137, 'earthy': 94, 'spices': 73, 'floral': 27, 'yeasty': 26, 'dried fruit': 15, 'tree fruit': 6, 'citrus': 5, 'ageing': 4, 'vegetal': 3, 'tropical': 1}","['beef', 'lamb', 'pork']",['Malbec'],"['Argentina', 'Mendoza']",Argentinian Mendoza Malbec Red,https://images.vivino.com/thumbs/bjp1Tsx_QJChY1Kh0hYrWg_pb_x600.png
https://www.vivino.com/avarizza-malbec/w/2652383?year=2019&price_id=27255509,Malbec,2019,Avarizza,3.6,based,17.84,63.627962499999995%,28.507112500000005%,16.376777500000003%,36.8518875%,"{'red fruit': 7, 'earthy': 5}","['beef', 'lamb', 'pork']",['100%Malbec'],"['Argentina', 'Mendoza']",Argentinian Mendoza Malbec Red,https://images.vivino.com/thumbs/Rz-UaQrFTASEjUQHaeVnaQ_pb_x600.png
https://www.vivino.com/vina-las-perdices-malbec/w/1143982?year=2023&price_id=38433265,Malbec,2023,Viña Las Perdices,3.6,173,15.74,54.018499999999996%,32.4682175%,23.600142500000004%,37.4745175%,"{'oaky': 108, 'black fruit': 78, 'red fruit': 64, 'earthy': 33, 'spices': 14, 'dried fruit': 7, 'ageing': 6, 'floral': 5, 'yeasty': 4, 'tree fruit': 4, 'vegetal': 2, 'citrus': 1}","['beef', 'lamb', 'pork']",['Malbec'],"['Argentina', 'Mendoza']",Argentinian Mendoza Malbec Red,https://images.vivino.com/thumbs/aP-4jHzlTcK53MzS8590pw_pb_x600.png
https://www.vivino.com/santa-julia-organica-malbec/w/1319126?year=2023&price_id=35592796,Orgánica Malbec,2023,Santa Julia,3.6,166,13.64,60.3077825%,24.997882499999996%,17.1120925%,36.203175%,"{'oaky': 106, 'red fruit': 106, 'black fruit': 96, 'earthy': 45, 'spices': 27, 'dried fruit': 11, 'yeasty': 9, 'vegetal': 5, 'ageing': 4, 'tree fruit': 4, 'floral': 3, 'tropical': 2, 'citrus': 1}","['beef', 'lamb', 'pork']",['Malbec'],"['Argentina', 'Mendoza']",Argentinian Mendoza Malbec Red,https://images.vivino.com/thumbs/Uud21724RhqFCsbLQfCYRw_pb_x600.png
https://www.vivino.com/jelu-torrontes/w/1223746?year=2019&price_id=26594688,Torrontes,2019,Jelu Estate,3.6,based,20.99,52.256299999999996%,,7.6638675%,59.534662499999996%,"{'tree fruit': 21, 'citrus': 17, 'earthy': 10, 'tropical': 6, 'floral': 6, 'oaky': 3, 'spices': 2, 'vegetal': 2, 'yeasty': 1, 'red fruit': 1}","['vegetarian', 'spicy food', 'aperitif']",['100%Torrontés'],"['Argentina', 'San Juan']",Argentinian Torrontés,https://images.vivino.com/thumbs/mDpGFYGZQ9SVhExA-ko-yw_pb_x600.png
https://www.vivino.com/altos-del-plata-cabernet-sauvignon/w/1181213?year=2021&price_id=34155560,Cabernet Sauvignon,2021,Altos del Plata,3.6,161,13.97,62.947135%,53.04100999999999%,6.8994775000000015%,44.88845%,"{'oaky': 134, 'black fruit': 106, 'earthy': 63, 'red fruit': 44, 'spices': 38, 'yeasty': 11, 'ageing': 10, 'floral': 7, 'vegetal': 7, 'dried fruit': 4, 'citrus': 1}","['beef', 'lamb', 'poultry']",['100%Cabernet Sauvignon'],"['Argentina', 'Mendoza', 'Lujan de Cuyo']",Argentinian Cabernet Sauvignon,https://images.vivino.com/thumbs/SeluMKFfReqvSa_ux1uGXA_pb_x600.png
https://www.vivino.com/mendel-winery-cabernet-sauvignon/w/1374865?year=2020&price_id=29367553,Cabernet Sauvignon,2020,Mendel,3.6,142,29.95,65.7735825%,57.6100625%,10.215857499999998%,44.053464999999996%,"{'black fruit': 187, 'oaky': 185, 'earthy': 84, 'spices': 48, 'red fruit': 34, 'floral': 8, 'vegetal': 7, 'yeasty': 6, 'dried fruit': 4, 'ageing': 1, 'citrus': 1, 'tree fruit': 1, 'tropical': 1}","['beef', 'lamb', 'poultry']",['100%Cabernet Sauvignon'],"['Argentina', 'Mendoza']",Argentinian Cabernet Sauvignon,https://images.vivino.com/thumbs/Xpmp4-lqQASCAbY_cOv9ig_pb_x600.png
https://www.vivino.com/siete-fincas-mendoza-rose/w/1489981?year=2020&price_id=35140365,Rosé,2020,Siete Fincas,3.6,based,6.25,42.5%,,4.033897500000002%,42.711865%,"{'red fruit': 7, 'tree fruit': 2, 'oaky': 1}","['spicy food', 'mature and hard cheese', 'appetizers and snacks', 'blue cheese', 'cured meat']",['Malbec'],"['Argentina', 'Mendoza']",Argentinian Malbec Rosé,https://images.vivino.com/thumbs/6GuMjCaaRbegpg_X3Z9nLg_pb_x600.png
https://www.vivino.com/cuarenta-cuarenta-40-40-cabernet-sauvignon/w/3759077?year=2019&price_id=33242201,Cabernet Sauvignon,2019,Cuarenta Cuarenta 40-40,3.6,based,27.29,55.78373499999999%,51.128965%,21.083329999999997%,48.8293625%,"{'oaky': 5, 'black fruit': 4, 'red fruit': 2, 'earthy': 1, 'spices': 1}","['beef', 'lamb', 'poultry']",['Cabernet Sauvignon'],"['Argentina', 'Mendoza']",Argentinian Cabernet Sauvignon,https://images.vivino.com/thumbs/02npb4w51f5x8_150x200.jpg
https://www.vivino.com/lopez-casona-lopez-malbec/w/1150390?year=2021&price_id=34278011,Casona López Malbec,2021,López,3.6,129,20,47.7412025%,33.30612%,16.279014999999998%,39.710295%,"{'oaky': 16, 'black fruit': 14, 'red fruit': 8, 'dried fruit': 2, 'earthy': 2, 'ageing': 1, 'spices': 1, 'vegetal': 1}","['beef', 'lamb', 'pork']",['Malbec'],"['Argentina', 'Mendoza']",Argentinian Mendoza Malbec Red,https://images.vivino.com/thumbs/FVZGoaR4Tkufi8VmTjgbMw_pb_x600.png
https://www.vivino.com/ninety-cellars-lot-53-cabernet-sauvignon-mendoza-red-wine-v-bd4q2/w/3231863?year=2022&price_id=33970060,Lot 53 Cabernet Sauvignon,2022,90+ Cellars,3.6,123,20.99,67.313515%,58.92809%,6.126009999999999%,46.667675%,"{'black fruit': 78, 'oaky': 69, 'earthy': 30, 'red fruit': 29, 'spices': 15, 'ageing': 9, 'yeasty': 2, 'dried fruit': 2, 'vegetal': 1, 'citrus': 1}","['beef', 'lamb', 'poultry']",['100%Cabernet Sauvignon'],"['Argentina', 'Mendoza']",Argentinian Cabernet Sauvignon,https://images.vivino.com/thumbs/ztwLVK37RpK9orFQNBqAVQ_pb_x600.png
https://www.vivino.com/lexicon-malbec/w/1254408?year=2018&price_id=26595523,Malbec,2018,Lexicon,3.6,based,16.79,67.4875975%,22.473404999999996%,7.790779999999998%,33.7695%,"{'earthy': 8, 'oaky': 6, 'black fruit': 5, 'red fruit': 5, 'spices': 4, 'yeasty': 2, 'dried fruit': 1}","['beef', 'lamb', 'pork']",['100%Malbec'],"['Argentina', 'Mendoza']",Argentinian Mendoza Malbec Red,https://images.vivino.com/thumbs/rlQVMNfrSbKH6x9cC2ToLA_pb_x600.png
https://www.vivino.com/monte-do-desespero-malbec-blend/w/2403865?year=2021&price_id=34343560,Malbec Blend,2021,Que Guapo,3.6,107,10.49,70.909875%,39.94749%,30.880092499999996%,52.789975%,"{'oaky': 20, 'black fruit': 20, 'earthy': 11, 'red fruit': 8, 'spices': 3, 'dried fruit': 3, 'ageing': 2, 'yeasty': 1, 'floral': 1}","['beef', 'lamb', 'pork', 'poultry', 'mushrooms', 'blue cheese']","['Shiraz/Syrah', 'Malbec', 'Bonarda']","['Argentina', 'Mendoza']",Argentinian Malbec Red Blend,https://images.vivino.com/thumbs/vhi_Vt4hTuuW3cyBN0U2UA_pb_x600.png
https://www.vivino.com/santa-julia-del-mercado-cabernet/w/11002861?year=2023&price_id=37944533,Del Mercado Cabernet,2023,Santa Julia,3.6,based,20,54.05163%,63.2010875%,0.6956524999999996%,53.953812500000005%,"{'black fruit': 8, 'red fruit': 5, 'spices': 2, 'dried fruit': 1, 'tree fruit': 1, 'earthy': 1}","['beef', 'lamb', 'poultry']",['Cabernet Sauvignon'],"['Argentina', 'Mendoza']",Argentinian Cabernet Sauvignon,https://images.vivino.com/thumbs/rANUCGixQQyZ_6waFkqBqg_150x200.jpg
https://www.vivino.com/casir-dos-santos-reserve-cabernet-sauvignon/w/5362574?year=2015&price_id=26593356,Reserve Cabernet Sauvignon,2015,Casir dos Santos,3.6,94,17.84,54.403125%,50.814735%,22.171437499999996%,41.301337499999995%,"{'black fruit': 15, 'oaky': 12, 'red fruit': 4, 'earthy': 4, 'spices': 2, 'dried fruit': 1, 'yeasty': 1}","['beef', 'lamb', 'poultry']",['100%Cabernet Sauvignon'],"['Argentina', 'Mendoza']",Argentinian Cabernet Sauvignon,https://images.vivino.com/thumbs/bu6H1ranTcSXvjvKMFcBWA_pb_x600.png
https://www.vivino.com/santa-julia-torrontes/w/1275327?year=2023&price_id=35976928,Torrontés,2023,Santa Julia,3.6,95,9.62,53.44088%,,5.6233875%,57.98661%,"{'citrus': 188, 'tree fruit': 149, 'tropical': 105, 'floral': 57, 'earthy': 57, 'oaky': 24, 'vegetal': 21, 'yeasty': 19, 'black fruit': 11, 'red fruit': 6, 'spices': 4, 'dried fruit': 1}","['vegetarian', 'spicy food', 'aperitif']",['Torrontés'],"['Argentina', 'Mendoza']",Argentinian Torrontés,https://images.vivino.com/thumbs/PgsDSQOgTYSRUxzfVOlioQ_pb_x600.png
https://www.vivino.com/altosur-chardonnay/w/2339128?year=2018&price_id=29130645,Chardonnay,2018,Altosur,3.6,91,20,46.9053075%,,15.036929999999998%,41.54356%,"{'oaky': 7, 'tree fruit': 4, 'yeasty': 1, 'citrus': 1, 'vegetal': 1, 'earthy': 1, 'ageing': 1}","['pork', 'vegetarian', 'poultry', 'rich fish (salmon, tuna etc)']",['100%Chardonnay'],"['Argentina', 'Mendoza', 'Uco Valley', 'Tupungato']",Argentinian Chardonnay,https://images.vivino.com/thumbs/0CHh89sbQ2SYvvnC_odwTA_pb_x600.png
https://www.vivino.com/sur-de-los-andes-reserva-cabernet-sauvignon/w/8613239?year=2021&price_id=35086247,Reserva Cabernet Sauvignon,2021,Sur de Los Andes,3.6,based,20.99,52.35062%,47.93420999999999%,23.4613%,44.94195499999999%,"{'red fruit': 5, 'black fruit': 4, 'oaky': 4, 'spices': 1, 'vegetal': 1, 'yeasty': 1}","['beef', 'lamb', 'poultry']",['Cabernet Sauvignon'],"['Argentina', 'Mendoza']",Argentinian Cabernet Sauvignon,https://images.vivino.com/thumbs/41mGLPj_SBmgqh_GmG5fIw_pb_x600.png
https://www.vivino.com/terra-libre-fume-blanc/w/1381492?year=2020&price_id=33241325,Fumé Blanc,2020,Terra Libre,3.6,based,12.59,42.5%,,0,68.36058499999999%,"{'vegetal': 2, 'citrus': 2, 'spices': 2, 'yeasty': 2, 'tree fruit': 1, 'floral': 1, 'earthy': 1}","['shellfish', 'vegetarian', ""goat's milk cheese""]",['100%Sauvignon Blanc'],"['Argentina', 'Mendoza']",Argentinian Sauvignon Blanc,https://images.vivino.com/thumbs/miKktKNgRGCxyFpRUxOyrw_pb_x600.png
https://www.vivino.com/wolffer-estate-vineyard-finca-wolffer-red-mendoza/w/7133286?year=2019&price_id=33460276,Finca Wölffer Red,2019,Wölffer Estate,3.6,based,18.20,68.94116999999999%,43.3117675%,20.308825000000002%,55.491175%,"{'black fruit': 7, 'red fruit': 4, 'citrus': 4, 'tree fruit': 1, 'spices': 1, 'oaky': 1}","['beef', 'lamb', 'pork', 'poultry', 'mushrooms', 'blue cheese']",['100%Malbec'],"['Argentina', 'Mendoza']",Argentinian Malbec Red Blend,https://images.vivino.com/thumbs/6CuUo80wQD6Oze0d0mU2vQ_pb_x600.png
https://www.vivino.com/wolffer-estate-vineyard-finca-wolffer-red-mendoza/w/7133286?year=2018&price_id=35017102,Finca Wölffer Red,2018,Wölffer Estate,3.6,based,19.99,68.94116999999999%,43.3117675%,20.308825000000002%,55.491175%,"{'black fruit': 7, 'red fruit': 4, 'citrus': 4, 'tree fruit': 1, 'spices': 1, 'oaky': 1}","['beef', 'lamb', 'pork', 'poultry', 'mushrooms', 'blue cheese']",['100%Malbec'],"['Argentina', 'Mendoza']",Argentinian Malbec Red Blend,https://images.vivino.com/thumbs/6CuUo80wQD6Oze0d0mU2vQ_pb_x600.png
https://www.vivino.com/zolo-cabernet-sauvignon/w/86160?year=2020&price_id=35863941,Cabernet Sauvignon,2020,Zolo,3.6,67,15.99,66.5288425%,55.2986425%,9.511312499999999%,46.1289575%,"{'oaky': 26, 'black fruit': 19, 'red fruit': 13, 'spices': 9, 'earthy': 7, 'tree fruit': 2, 'vegetal': 2, 'tropical': 1}","['beef', 'lamb', 'poultry']",['100%Cabernet Sauvignon'],"['Argentina', 'Mendoza']",Argentinian Cabernet Sauvignon,https://images.vivino.com/thumbs/o01RTCPuSJKvv537kyQGwQ_pb_x600.png
https://www.vivino.com/alta-vista-vive-cabernet-sauvignon-mendoza/w/6006050?year=2021&price_id=38295510,Vive Cabernet Sauvignon,2021,Alta Vista,3.6,63,14.95,52.9163875%,49.385862499999995%,15.545102499999999%,46.033280000000005%,"{'black fruit': 24, 'oaky': 15, 'red fruit': 11, 'spices': 10, 'earthy': 4, 'yeasty': 1}","['beef', 'lamb', 'poultry']",['Cabernet Sauvignon'],"['Argentina', 'Mendoza']",Argentinian Cabernet Sauvignon,https://images.vivino.com/thumbs/iAhq-wtpRKeWf6soq8Gkow_pb_x600.png
https://www.vivino.com/el-esteco-don-david-cabernet-sauvignon/w/1162690?year=2023&price_id=37166566,Don David Cabernet Sauvignon,2023,El Esteco,3.6,67,20.26,63.268384999999995%,55.896387499999996%,15.2789575%,45.694425%,"{'oaky': 196, 'black fruit': 117, 'red fruit': 69, 'spices': 54, 'earthy': 41, 'yeasty': 11, 'vegetal': 3, 'ageing': 2, 'dried fruit': 1, 'floral': 1, 'citrus': 1}","['beef', 'lamb', 'poultry']",['Cabernet Sauvignon'],"['Argentina', 'Salta']",Argentinian Cabernet Sauvignon,https://images.vivino.com/thumbs/6G3Uq8t_Qa2i3WRjMuV9zw_pb_x600.png
https://www.vivino.com/chacabuco-malbec-mendoza/w/4747613?year=2023&price_id=38199839,Malbec,2023,Chacabuco,3.6,62,12.55,48.131750000000004%,31.650142499999994%,28.0141275%,40.725355%,"{'black fruit': 110, 'oaky': 62, 'red fruit': 53, 'spices': 26, 'earthy': 24, 'dried fruit': 7, 'ageing': 6, 'yeasty': 4, 'vegetal': 2, 'tree fruit': 2, 'tropical': 1, 'floral': 1}","['beef', 'lamb', 'pork']",['Malbec'],"['Argentina', 'Mendoza']",Argentinian Mendoza Malbec Red,https://images.vivino.com/thumbs/ibUYAAxhTyaRASZhDaknpw_pb_x600.png
https://www.vivino.com/tilia-malbec/w/87730?year=2023&price_id=36539918,Malbec,2023,Tilia,3.6,62,14.95,62.55409999999999%,23.87213%,14.9177425%,34.4958525%,"{'black fruit': 728, 'oaky': 459, 'red fruit': 304, 'earthy': 251, 'spices': 139, 'yeasty': 32, 'ageing': 21, 'floral': 17, 'dried fruit': 15, 'tree fruit': 13, 'vegetal': 11, 'citrus': 7, 'tropical': 3}","['beef', 'lamb', 'pork']",['Malbec'],"['Argentina', 'Mendoza']",Argentinian Mendoza Malbec Red,https://images.vivino.com/thumbs/KArKDimcRoirVDpDgWUjNA_pb_x600.png
https://www.vivino.com/chakana-sobrenatural-tinto/w/6936046?year=2021&price_id=33867672,Sobrenatural Tinto,2021,Chakana,3.6,60,17.84,,,,,"{'black fruit': 4, 'oaky': 3, 'red fruit': 1, 'earthy': 1, 'yeasty': 1}","['beef', 'lamb', 'pork']",['Tannat'],"['Argentina', 'Mendoza', 'Agrelo']",Contains sulfites,https://images.vivino.com/thumbs/i0V9QForRD6aXUV3vuZxYQ_pb_x600.png
https://www.vivino.com/santa-julia-cabernet-sauvignon/w/1194993?year=2023&price_id=37941901,Cabernet Sauvignon,2023,Santa Julia,3.6,51,20,61.334975%,57.11289000000001%,9.806157500000001%,45.0334525%,"{'black fruit': 119, 'red fruit': 96, 'oaky': 96, 'spices': 46, 'earthy': 26, 'citrus': 6, 'vegetal': 6, 'floral': 6, 'ageing': 4, 'dried fruit': 4, 'yeasty': 2, 'tree fruit': 2, 'tropical': 1}","['beef', 'lamb', 'poultry']",['100%Cabernet Sauvignon'],"['Argentina', 'Mendoza', 'Maipu']",Argentinian Cabernet Sauvignon,https://images.vivino.com/thumbs/gG5gRn63T7GzqpXCJOMxLg_pb_x600.png
https://www.vivino.com/casir-dos-santos-avatar-malbec/w/5908152?year=2022&price_id=31849129,Avatar Malbec,2022,Casir dos Santos,3.6,50,13.64,64.3079325%,29.001665000000003%,20.331435000000006%,41.75000000000001%,"{'black fruit': 22, 'oaky': 21, 'earthy': 20, 'spices': 7, 'red fruit': 4, 'ageing': 3, 'yeasty': 1, 'dried fruit': 1}","['beef', 'lamb', 'pork']",['100%Malbec'],"['Argentina', 'Mendoza']",Argentinian Mendoza Malbec Red,https://images.vivino.com/thumbs/N3WuJ6cvRd6pm0DmuSfRuQ_pb_x600.png
https://www.vivino.com/tilia-cabernet-sauvignon/w/87703?year=2021&price_id=33242108,Cabernet Sauvignon,2021,Tilia,3.6,43,14.69,62.4190375%,54.981325%,8.333504999999997%,45.922432500000006%,"{'oaky': 71, 'black fruit': 67, 'red fruit': 38, 'earthy': 26, 'spices': 7, 'yeasty': 6, 'dried fruit': 4, 'tree fruit': 3, 'tropical': 2, 'ageing': 1, 'citrus': 1, 'floral': 1, 'vegetal': 1}","['beef', 'lamb', 'poultry']",['100%Cabernet Sauvignon'],"['Argentina', 'Mendoza']",Argentinian Cabernet Sauvignon,https://images.vivino.com/thumbs/Qwc691GRTz-uGE6oFRuxzw_pb_x600.png
https://www.vivino.com/santa-julia-malbec/w/19472?year=2024&price_id=38627482,Malbec,2024,Santa Julia,3.6,39,13.95,57.32747500000001%,27.808127499999998%,19.472669999999997%,36.155885000000005%,"{'black fruit': 586, 'oaky': 372, 'red fruit': 348, 'earthy': 106, 'spices': 77, 'dried fruit': 51, 'yeasty': 44, 'floral': 23, 'tree fruit': 22, 'citrus': 13, 'vegetal': 9, 'ageing': 7, 'tropical': 3}","['beef', 'lamb', 'pork']",['Malbec'],"['Argentina', 'Mendoza']",Argentinian Mendoza Malbec Red,https://images.vivino.com/thumbs/v7v7rSErQte9DTTu8n6hwg_pb_x600.png
https://www.vivino.com/tilia-chardonnay/w/87732?year=2023&price_id=38315280,Chardonnay,2023,Tilia,3.6,34,15.95,53.41282999999999%,,17.322652499999997%,39.326285%,"{'oaky': 127, 'tree fruit': 98, 'citrus': 60, 'tropical': 28, 'yeasty': 25, 'earthy': 20, 'vegetal': 10, 'ageing': 8, 'spices': 3, 'black fruit': 3, 'red fruit': 3, 'floral': 2, 'dried fruit': 1}","['pork', 'vegetarian', 'poultry', 'rich fish (salmon, tuna etc)']",['Chardonnay'],"['Argentina', 'Mendoza']",Argentinian Chardonnay,https://images.vivino.com/thumbs/FhiOryRxSGCTumOfyfqs6Q_pb_x600.png
https://www.vivino.com/alamos-seleccion-malbec/w/1890?year=2022&price_id=37212898,Selección Malbec,2022,Alamos,3.6,33,19.94,63.28554%,25.47428%,17.551349999999996%,35.305965%,"{'black fruit': 551, 'oaky': 442, 'earthy': 236, 'red fruit': 149, 'spices': 96, 'floral': 49, 'yeasty': 28, 'dried fruit': 21, 'citrus': 10, 'ageing': 8, 'tree fruit': 5, 'vegetal': 1}","['beef', 'lamb', 'pork']",['Malbec'],"['Argentina', 'Mendoza']",Argentinian Mendoza Malbec Red,https://images.vivino.com/thumbs/ZsIicuYXQ-S56vv-tBhZZg_pb_x600.png
https://www.vivino.com/ar-antucura-yepun-single-vineyard-malbec-vista-flores/w/5926640?year=2015&price_id=19271690,Yepun Single Vineyard Malbec,2015,Antucura,3.6,32,29.99,52.61873%,43.190817499999994%,35.79492499999999%,43.05241%,"{'oaky': 2, 'black fruit': 1}","['beef', 'lamb']",['100%Malbec'],"['Argentina', 'Mendoza', 'Uco Valley', 'Vista Flores']",Argentinian Uco Valley Malbec Red,https://images.vivino.com/thumbs/_-wuIkywQqGn1qdsYDiKlA_pb_x600.png
https://www.vivino.com/alta-vista-estate-cabernet-sauvignon/w/6451268?year=2020&price_id=34068436,Estate Cabernet Sauvignon,2020,Alta Vista,3.6,based,14.97,58.125%,58.125%,11.25%,42.5%,{},"['beef', 'lamb', 'poultry']",['100%Cabernet Sauvignon'],"['Argentina', 'Mendoza']",Argentinian Cabernet Sauvignon,https://images.vivino.com/thumbs/fypl__i3TiWrHsf-U9Actw_pb_x600.png
https://www.vivino.com/cuarenta-cuarenta-40-40-otro-andar-malbec-bonarda/w/9157047?year=2020&price_id=33170248,Otro Andar Malbec - Bonarda,2020,Cuarenta Cuarenta 40-40,3.6,based,26.24,62.727275000000006%,48.636362500000004%,15.909089999999999%,63.522724999999994%,"{'red fruit': 3, 'floral': 1, 'vegetal': 1, 'oaky': 1}","['beef', 'lamb', 'pork', 'poultry', 'mushrooms', 'blue cheese']","['Malbec', 'Bonarda']","['Argentina', 'Mendoza']",Argentinian Malbec Red Blend,https://images.vivino.com/thumbs/NTchLRPbT3mL0ass_PgOtw_150x200.jpg
https://www.vivino.com/don-rodolfo-pinot-noir/w/2072781?year=2022&price_id=32216417,Pinot Noir,2022,Don Rodolfo,3.6,31,12.55,35.7856%,5.659807499999998%,2.219145000000001%,49.579905%,"{'red fruit': 30, 'black fruit': 9, 'oaky': 9, 'earthy': 3, 'spices': 2, 'citrus': 2, 'yeasty': 1}","['beef', 'veal', 'poultry', 'game (deer, venison)']",['100%Pinot Noir'],"['Argentina', 'Mendoza']",Argentinian Pinot Noir,https://images.vivino.com/thumbs/m3-B9reXT_S_e1AsA-hmoQ_pb_x600.png
https://www.vivino.com/santa-julia-tempranillo/w/1721506?year=2023&price_id=37941902,Tempranillo,2023,Santa Julia,3.6,31,20,60.49265%,46.539919999999995%,12.095590000000001%,41.199582500000005%,"{'black fruit': 37, 'oaky': 17, 'red fruit': 14, 'earthy': 5, 'spices': 3, 'vegetal': 2, 'dried fruit': 1}","['beef', 'vegetarian', 'poultry', 'game (deer, venison)', 'appetizers and snacks', 'cured meat']",['Tempranillo'],"['Argentina', 'Mendoza']",Argentinian Tempranillo Red,https://images.vivino.com/thumbs/XKzwrb8-RW2AuVPkJWfYIg_pb_x600.png
https://www.vivino.com/santa-julia-organica-cabernet-sauvignon/w/1579874?year=2022&price_id=33635344,Orgánica Cabernet Sauvignon,2022,Santa Julia,3.6,29,12.99,62.7539575%,50.8413425%,4.224547499999998%,46.192589999999996%,"{'black fruit': 64, 'oaky': 29, 'spices': 12, 'red fruit': 11, 'citrus': 6, 'earthy': 5, 'yeasty': 3, 'tropical': 2, 'tree fruit': 2, 'ageing': 1, 'vegetal': 1}","['beef', 'lamb', 'poultry']",['Cabernet Sauvignon'],"['Argentina', 'Mendoza']",Argentinian Cabernet Sauvignon,https://images.vivino.com/thumbs/CxnwiUVVQHyI9arv7NB6qw_pb_x600.png
https://www.vivino.com/altos-del-plata-malbec/w/1161128?year=2023&price_id=38539552,Malbec,2023,Altos del Plata,3.5,based,15.95,61.005632500000004%,28.626800000000003%,18.630557499999995%,37.4329075%,"{'oaky': 639, 'black fruit': 578, 'earthy': 342, 'red fruit': 325, 'spices': 150, 'floral': 42, 'yeasty': 41, 'ageing': 36, 'dried fruit': 30, 'vegetal': 22, 'tropical': 8, 'citrus': 7, 'tree fruit': 4}","['beef', 'lamb']",['Malbec'],"['Argentina', 'Mendoza', 'Lujan de Cuyo']",Argentinian Lujan de Cuyo Malbec Red,https://images.vivino.com/thumbs/5FixNfhtRui_n_OwIFHPPw_pb_x600.png
https://www.vivino.com/tilia-malbec-syrah/w/87731?year=2023&price_id=37217327,Malbec - Syrah,2023,Tilia,3.5,based,16.86,66.51023500000001%,36.89852749999999%,29.8305675%,52.6658825%,"{'black fruit': 113, 'oaky': 98, 'red fruit': 55, 'earthy': 39, 'spices': 21, 'yeasty': 7, 'citrus': 5, 'floral': 4, 'ageing': 3, 'vegetal': 3, 'tree fruit': 3, 'dried fruit': 2}","['beef', 'lamb', 'pork', 'poultry', 'mushrooms', 'blue cheese']","['Shiraz/Syrah', 'Malbec']","['Argentina', 'Mendoza']",Argentinian Malbec Red Blend,https://images.vivino.com/thumbs/2rDopimGS5GrMIVTLvkLIw_pb_x600.png
https://www.vivino.com/santa-julia-organica-malbec/w/1319126?year=2024&price_id=38317888,Orgánica Malbec,2024,Santa Julia,3.5,based,11.50,60.3077825%,24.997882499999996%,17.1120925%,36.203175%,"{'oaky': 106, 'red fruit': 106, 'black fruit': 96, 'earthy': 45, 'spices': 27, 'dried fruit': 11, 'yeasty': 9, 'vegetal': 5, 'ageing': 4, 'tree fruit': 4, 'floral': 3, 'tropical': 2, 'citrus': 1}","['beef', 'lamb', 'pork']",['Malbec'],"['Argentina', 'Mendoza']",Argentinian Mendoza Malbec Red,https://images.vivino.com/thumbs/Uud21724RhqFCsbLQfCYRw_pb_x600.png
https://www.vivino.com/tilia-chardonnay/w/87732?year=2024&price_id=38459035,Chardonnay,2024,Tilia,3.5,based,16.86,53.41282999999999%,,17.322652499999997%,39.326285%,"{'oaky': 127, 'tree fruit': 98, 'citrus': 60, 'tropical': 28, 'yeasty': 25, 'earthy': 20, 'vegetal': 10, 'ageing': 8, 'spices': 3, 'black fruit': 3, 'red fruit': 3, 'floral': 2, 'dried fruit': 1}","['pork', 'vegetarian', 'poultry', 'rich fish (salmon, tuna etc)']",['Chardonnay'],"['Argentina', 'Mendoza']",Argentinian Chardonnay,https://images.vivino.com/thumbs/FhiOryRxSGCTumOfyfqs6Q_pb_x600.png
https://www.vivino.com/altos-del-plata-malbec/w/1161128?year=2018&price_id=24431870,Malbec,2018,Altos del Plata,3.5,4332,12.97,61.005632500000004%,28.626800000000003%,18.630557499999995%,37.4329075%,"{'oaky': 639, 'black fruit': 578, 'earthy': 342, 'red fruit': 325, 'spices': 150, 'floral': 42, 'yeasty': 41, 'ageing': 36, 'dried fruit': 30, 'vegetal': 22, 'tropical': 8, 'citrus': 7, 'tree fruit': 4}","['beef', 'lamb']",['100%Malbec'],"['Argentina', 'Mendoza', 'Lujan de Cuyo']",Argentinian Lujan de Cuyo Malbec Red,https://images.vivino.com/thumbs/5FixNfhtRui_n_OwIFHPPw_pb_x600.png
https://www.vivino.com/tamari-malbec-reserva/w/57034?year=2023&price_id=38335249,Malbec Reserva,2023,Tamarí,3.5,based,15.74,62.734192500000006%,25.8506%,15.809317499999999%,33.595705%,"{'oaky': 58, 'black fruit': 50, 'earthy': 33, 'red fruit': 23, 'spices': 19, 'ageing': 2, 'yeasty': 2, 'citrus': 2, 'dried fruit': 1, 'vegetal': 1, 'tree fruit': 1}","['beef', 'lamb', 'pork']",['Malbec'],"['Argentina', 'Mendoza']",Argentinian Mendoza Malbec Red,https://images.vivino.com/thumbs/Ge4JX4zBSGmkKTulb91JPQ_pb_x600.png
https://www.vivino.com/bodini-malbec/w/1831390?year=2023&price_id=37922405,Malbec,2023,Bodini,3.5,based,13.95,65.5621%,24.94596%,17.0425075%,33.1903375%,"{'black fruit': 123, 'oaky': 109, 'earthy': 47, 'red fruit': 47, 'spices': 34, 'ageing': 5, 'citrus': 4, 'yeasty': 3, 'dried fruit': 3, 'tree fruit': 3, 'vegetal': 2, 'floral': 1}","['beef', 'lamb', 'pork']",['Malbec'],"['Argentina', 'Mendoza']",Argentinian Mendoza Malbec Red,https://images.vivino.com/thumbs/C8ED0tKPTk2h0ExK8WBRIA_pb_x600.png
https://www.vivino.com/tilia-torrontes/w/1166219?year=2022&price_id=31323322,Torrontes,2022,Tilia,3.5,based,16.79,55.185210000000005%,,0,57.14066000000001%,"{'tree fruit': 96, 'citrus': 83, 'earthy': 39, 'oaky': 17, 'floral': 14, 'tropical': 11, 'spices': 10, 'red fruit': 10, 'yeasty': 9, 'vegetal': 8, 'black fruit': 8, 'dried fruit': 3, 'ageing': 1}","['vegetarian', 'spicy food', 'aperitif']",['100%Torrontés'],"['Argentina', 'Salta', 'Calchaqui Valley', 'Cafayate Valley']",Argentinian Torrontés,https://images.vivino.com/thumbs/Kedv2z4ZTGG4kj02_1izIQ_pb_x600.png
https://www.vivino.com/tilia-torrontes/w/1166219?year=2023&price_id=35324380,Torrontes,2023,Tilia,3.5,based,16.86,55.185210000000005%,,0,57.14066000000001%,"{'tree fruit': 96, 'citrus': 83, 'earthy': 39, 'oaky': 17, 'floral': 14, 'tropical': 11, 'spices': 10, 'red fruit': 10, 'yeasty': 9, 'vegetal': 8, 'black fruit': 8, 'dried fruit': 3, 'ageing': 1}","['vegetarian', 'spicy food', 'aperitif']",['100%Torrontés'],"['Argentina', 'Salta', 'Calchaqui Valley', 'Cafayate Valley']",Argentinian Torrontés,https://images.vivino.com/thumbs/Kedv2z4ZTGG4kj02_1izIQ_pb_x600.png
https://www.vivino.com/tilia-merlot/w/1153082?year=2021&price_id=33242597,Merlot,2021,Tilia,3.5,based,16.79,66.181425%,23.1433925%,14.514337499999996%,16.377177500000002%,"{'black fruit': 28, 'red fruit': 17, 'earthy': 16, 'oaky': 14, 'spices': 7, 'yeasty': 4, 'floral': 3, 'ageing': 1, 'dried fruit': 1}","['beef', 'lamb', 'veal']",['Merlot'],"['Argentina', 'Mendoza']",Argentinian Merlot,https://images.vivino.com/thumbs/kr_XN7UKTuaQIXyGjHl2Ow_pb_x600.png
https://www.vivino.com/passionate-via-revolucionaria-bonarda-pura/w/2460684?year=2022&price_id=35814402,Via Revolucionaria Bonarda Pura,2022,Passionate,3.5,based,20.40,40.410560000000004%,21.899834999999996%,16.3208225%,71.468675%,"{'red fruit': 59, 'earthy': 47, 'black fruit': 43, 'spices': 13, 'oaky': 8, 'floral': 5, 'tree fruit': 5, 'yeasty': 4, 'dried fruit': 4, 'citrus': 3, 'vegetal': 2, 'ageing': 1}","['veal', 'pork', 'poultry', 'game (deer, venison)']",['Bonarda'],"['Argentina', 'Mendoza']",Argentinian Bonarda,https://images.vivino.com/thumbs/G4ApXMrNRCKuerqouTifbA_pb_x600.png
https://www.vivino.com/san-polo-mendoza-auka-malbec/w/1138235?year=2021&price_id=33896169,Auka Malbec,2021,San Polo,3.5,based,17.84,58.372240000000005%,29.257582499999998%,24.112742500000003%,35.719315%,"{'black fruit': 30, 'earthy': 18, 'oaky': 13, 'red fruit': 7, 'spices': 4, 'floral': 2, 'vegetal': 1, 'dried fruit': 1}","['beef', 'lamb']",['Malbec'],"['Argentina', 'Mendoza', 'Uco Valley', 'La Consulta']",Argentinian Uco Valley Malbec Red,https://images.vivino.com/thumbs/ibzCLQjxT5mVOuZDC_YWZg_150x200.jpg
https://www.vivino.com/maipe-cabernet-sauvignon-reserve/w/1144638?year=2020&price_id=28818740,Cabernet Sauvignon Reserve,2020,Maipe,3.5,based,15.74,67.377835%,57.0271175%,4.811385000000003%,45.69429%,"{'oaky': 46, 'black fruit': 36, 'red fruit': 26, 'earthy': 15, 'spices': 9, 'yeasty': 4, 'ageing': 3, 'citrus': 2, 'dried fruit': 1}","['beef', 'lamb', 'poultry']",['100%Cabernet Sauvignon'],"['Argentina', 'Mendoza']",Argentinian Cabernet Sauvignon,https://images.vivino.com/thumbs/rGW04rOlTOaXbsYZklLbVw_pb_x600.png
https://www.vivino.com/nieto-senetiner-cabernet-sauvignon/w/82429?year=2017&price_id=35935140,Cabernet Sauvignon,2017,Nieto Senetiner,3.5,830,10.99,62.36885000000001%,54.9964125%,17.24655%,44.549107500000005%,"{'oaky': 45, 'black fruit': 22, 'red fruit': 20, 'spices': 14, 'earthy': 13, 'yeasty': 4, 'dried fruit': 3, 'ageing': 2, 'vegetal': 2, 'citrus': 1, 'floral': 1}","['beef', 'lamb', 'poultry']",['100%Cabernet Sauvignon'],"['Argentina', 'Mendoza']",Argentinian Cabernet Sauvignon,https://images.vivino.com/thumbs/VuK2H2_ATdyRZ-D8EuCx0Q_pb_x600.png
https://www.vivino.com/chakana-torrontes/w/1528061?year=2021&price_id=33911301,Torrontés,2021,Chakana,3.5,based,27.29,55.7578075%,,13.489397500000003%,56.33872%,"{'tree fruit': 37, 'tropical': 24, 'citrus': 20, 'floral': 9, 'earthy': 5, 'spices': 4, 'yeasty': 4, 'oaky': 2, 'dried fruit': 1, 'black fruit': 1, 'vegetal': 1}","['vegetarian', 'spicy food', 'aperitif']",['Torrontés'],"['Argentina', 'Mendoza', 'Lujan de Cuyo']",Argentinian Torrontés,https://images.vivino.com/thumbs/Y700_TrmT0aFHxIe4_b5cg_pb_x600.png
https://www.vivino.com/santa-julia-brut-rose/w/1150898?price_id=26598164,Brut Rosé,N.V.,Santa Julia,3.5,755,12.59, 16.5643%,,, 81.1696%,"{'red fruit': 43, 'citrus': 18, 'yeasty': 13, 'tree fruit': 8, 'earthy': 4, 'ageing': 3, 'oaky': 2, 'dried fruit': 2, 'vegetal': 2, 'tropical': 1, 'floral': 1}","['shellfish', 'any junk food will do', 'appetizers and snacks', 'lean fish', 'aperitif']",['100%Pinot Noir'],"['Argentina', 'Mendoza']",Argentinian Mendoza Sparkling,https://images.vivino.com/thumbs/3ff64G0ITDGSbJa_x8kOCg_pb_x600.png
https://www.vivino.com/santa-julia-reserva-mountain-blend/w/2893882?year=2023&price_id=38496527,Reserva Mountain Blend,2023,Santa Julia,3.5,based,19.13,85%,57.32164999999999%,3.610592499999999%,67.04049499999999%,"{'black fruit': 39, 'oaky': 22, 'red fruit': 11, 'earthy': 10, 'spices': 7, 'dried fruit': 2, 'yeasty': 1, 'floral': 1}","['beef', 'lamb', 'poultry', 'pasta']","['Cabernet Franc', 'Malbec']","['Argentina', 'Mendoza', 'Uco Valley']",Argentinian Bordeaux Blend,https://images.vivino.com/thumbs/DENFNH-FQxibjLwi7XnuOA_pb_x600.png
https://www.vivino.com/santa-julia-reserva-mountain-blend/w/2893882?year=2022&price_id=37941909,Reserva Mountain Blend,2022,Santa Julia,3.5,based,20,85%,57.32164999999999%,3.610592499999999%,67.04049499999999%,"{'black fruit': 39, 'oaky': 22, 'red fruit': 11, 'earthy': 10, 'spices': 7, 'dried fruit': 2, 'yeasty': 1, 'floral': 1}","['beef', 'lamb', 'poultry', 'pasta']","['Cabernet Franc', 'Malbec']","['Argentina', 'Mendoza', 'Uco Valley']",Argentinian Bordeaux Blend,https://images.vivino.com/thumbs/DENFNH-FQxibjLwi7XnuOA_pb_x600.png
https://www.vivino.com/santa-julia-reserva-mountain-blend/w/2893882?year=2020&price_id=26652848,Reserva Mountain Blend,2020,Santa Julia,3.5,based,12.59,85%,57.32164999999999%,3.610592499999999%,67.04049499999999%,"{'black fruit': 39, 'oaky': 22, 'red fruit': 11, 'earthy': 10, 'spices': 7, 'dried fruit': 2, 'yeasty': 1, 'floral': 1}","['beef', 'lamb', 'poultry', 'pasta']","['Cabernet Franc', 'Malbec']","['Argentina', 'Mendoza', 'Uco Valley']",Argentinian Bordeaux Blend,https://images.vivino.com/thumbs/DENFNH-FQxibjLwi7XnuOA_pb_x600.png
https://www.vivino.com/humberto-canale-estate-sauvignon-blanc/w/2069013?year=2023&price_id=35214694,Estate Sauvignon Blanc,2023,Humberto Canale,3.5,based,18.97,38.060145%,,3.7601449999999996%,57.720290000000006%,"{'tropical': 18, 'tree fruit': 9, 'citrus': 4, 'yeasty': 3, 'spices': 2, 'oaky': 2, 'earthy': 1}","['shellfish', 'vegetarian', ""goat's milk cheese""]",['Sauvignon Blanc'],"['Argentina', 'Patagonia', 'Rio Negro']",Argentinian Sauvignon Blanc,https://images.vivino.com/thumbs/8K0ng-I5RReX4wY4D7o8Gw_pb_x600.png
https://www.vivino.com/ocaso-cabernet-sauvignon/w/1240992?year=2019&price_id=27448376,Cabernet Sauvignon,2019,Ocaso,3.5,based,15.39,63.7866425%,53.109907500000006%,6.796334999999999%,46.89763%,"{'oaky': 7, 'black fruit': 7, 'red fruit': 5, 'earthy': 4, 'vegetal': 2, 'floral': 1}","['beef', 'lamb', 'poultry']",['100%Cabernet Sauvignon'],"['Argentina', 'Mendoza']",Argentinian Cabernet Sauvignon,https://images.vivino.com/thumbs/z7g3xt40RQCBSd5gN5VNyw_pb_x600.png
https://www.vivino.com/altos-del-plata-chardonnay/w/1264703?year=2017&price_id=16664277,Chardonnay,2017,Altos del Plata,3.5,609,9.98,53.1727125%,,13.47888%,45.086977499999996%,"{'oaky': 132, 'tree fruit': 116, 'citrus': 65, 'earthy': 42, 'tropical': 31, 'yeasty': 27, 'vegetal': 15, 'ageing': 11, 'floral': 8, 'spices': 5, 'black fruit': 2}","['pork', 'vegetarian', 'poultry', 'rich fish (salmon, tuna etc)']",['100%Chardonnay'],"['Argentina', 'Mendoza', 'Lujan de Cuyo']",Argentinian Chardonnay,https://images.vivino.com/thumbs/-YXrL8L9Rlq8lku8pYwOVQ_pb_x600.png
https://www.vivino.com/maipe-bonarda-reserve/w/1481052?year=2015&price_id=26595897,Bonarda Reserve,2015,Maipe,3.5,based,15.74,48.703950000000006%,22.375549999999997%,14.98246%,76.644735%,"{'black fruit': 26, 'oaky': 20, 'earthy': 15, 'red fruit': 7, 'spices': 5, 'vegetal': 2, 'yeasty': 2, 'floral': 1, 'dried fruit': 1}","['veal', 'pork', 'poultry', 'game (deer, venison)']",['100%Bonarda'],"['Argentina', 'Mendoza']",Argentinian Bonarda,https://images.vivino.com/thumbs/DOqjlRRrTmyZKSImXP4Jsw_pb_x600.png
https://www.vivino.com/uko-estate-malbec/w/6725682?year=2023&price_id=38044302,Estate Malbec,2023,UKO,3.5,based,12.99,52.19621000000001%,39.249475%,15.412972500000002%,42.4615%,"{'oaky': 17, 'spices': 9, 'black fruit': 6, 'red fruit': 5, 'earthy': 4, 'dried fruit': 1}","['beef', 'lamb', 'pork']",['Malbec'],"['Argentina', 'Mendoza']",Argentinian Mendoza Malbec Red,https://images.vivino.com/thumbs/CsrQZ5pUTiyNWdeYSTfqyg_pb_x600.png
https://www.vivino.com/petite-roubie-malbec/w/1135792?year=2022&price_id=36546143,Malbec,2022,ÖKO,3.5,based,20.99,62.489217499999995%,20.702415000000002%,8.674495%,38.433372500000004%,"{'earthy': 23, 'black fruit': 22, 'oaky': 16, 'red fruit': 8, 'spices': 3, 'ageing': 2, 'yeasty': 2, 'tree fruit': 2, 'tropical': 1}","['beef', 'lamb', 'pork']",['Malbec'],"['Argentina', 'Mendoza']",Argentinian Mendoza Malbec Red,https://images.vivino.com/thumbs/MVtJwdniSeCoK0y3wGz3pg_pb_x600.png
https://www.vivino.com/aranwa-malbec/w/2304055?year=2020&price_id=27815229,Malbec,2020,Aranwa,3.5,based,13.64,64.41323750000001%,25.536942500000002%,12.6615125%,30.969070000000002%,"{'earthy': 10, 'oaky': 10, 'red fruit': 3, 'vegetal': 2, 'yeasty': 1, 'black fruit': 1}","['beef', 'lamb', 'pork']",['100%Malbec'],"['Argentina', 'Mendoza']",Argentinian Mendoza Malbec Red,https://images.vivino.com/thumbs/7d_1s84MSryYoneldBNauQ_pb_x600.png
https://www.vivino.com/familia-mayol-bonarda/w/17375?year=2022&price_id=34343372,Bonarda,2022,Familia Mayol,3.5,based,14.69,49.42587999999999%,27.025442500000004%,15.705750000000002%,79.6891625%,"{'black fruit': 28, 'spices': 19, 'earthy': 10, 'oaky': 4, 'red fruit': 3, 'dried fruit': 3, 'floral': 3, 'yeasty': 1}","['veal', 'pork', 'poultry', 'game (deer, venison)']",['Bonarda'],"['Argentina', 'Mendoza', 'Uco Valley']",Argentinian Bonarda,https://images.vivino.com/thumbs/nfOF5hgpRQGfH7cCEO-l5w_pb_x600.png
https://www.vivino.com/viejo-isaias-malbec-clasico-roble/w/1753393?year=2022&price_id=33911305,Malbec Clásico Roble,2022,Viejo Isaías,3.5,based,14.69,50.711075%,18.556135%,13.2776925%,31.284425%,{'spices': 1},"['beef', 'lamb', 'pork']",['Malbec'],"['Argentina', 'Mendoza']",Argentinian Mendoza Malbec Red,https://images.vivino.com/thumbs/yZO089psQlGwcpRAa7xwbg_pb_x600.png
https://www.vivino.com/bressia-sylvestra-torrontes-mendoza/w/1898566?year=2022&price_id=33866078,Sylvestra Torrontés,2022,Bressia,3.5,based,22.04,45.943949999999994%,,3.9985225000000018%,55.0206525%,"{'tree fruit': 11, 'citrus': 5, 'tropical': 4, 'floral': 2, 'spices': 1, 'earthy': 1}","['vegetarian', 'spicy food', 'aperitif']",['Torrontés'],"['Argentina', 'Mendoza']",Argentinian Torrontés,https://images.vivino.com/thumbs/tfBkFm_fRrecUo_23BUqnQ_pb_x600.png
https://www.vivino.com/vina-cobos-felino-merlot/w/44014?year=2011&price_id=36234335,Felino Merlot,2011,Viña Cobos,3.5,257,25,63.5295625%,27.690875%,24.391887500000003%,15.339949999999998%,"{'oaky': 19, 'black fruit': 13, 'red fruit': 12, 'spices': 9, 'earthy': 6, 'yeasty': 2, 'ageing': 1, 'dried fruit': 1, 'vegetal': 1, 'citrus': 1, 'floral': 1}","['beef', 'lamb', 'veal']",['Merlot'],"['Argentina', 'Mendoza']",Argentinian Merlot,https://images.vivino.com/thumbs/PAOSfhU0RaGk0m_VgKxqmA_pb_x600.png
https://www.vivino.com/bodega-finca-las-moras-intis-malbec/w/1133675?year=2022&price_id=32678138,Intis Malbec,2022,Bodega Finca Las Moras,3.5,248,6.75,49.051384999999996%,30.540594999999996%,23.930882500000003%,39.75299%,"{'black fruit': 22, 'red fruit': 16, 'oaky': 7, 'earthy': 4, 'spices': 3, 'vegetal': 3, 'yeasty': 3, 'dried fruit': 3, 'ageing': 1, 'floral': 1}","['beef', 'lamb', 'poultry']",['Malbec'],"['Argentina', 'San Juan']",Argentinian Malbec,https://images.vivino.com/thumbs/OQcrOeL5R7K1dBhb-EQDtA_pb_x600.png
https://www.vivino.com/sur-de-los-andes-gran-reserva-malbec/w/24954?year=2020&price_id=35086325,Gran Reserva Malbec,2020,Sur de Los Andes,3.5,based,22.04,68.94090750000001%,19.078785000000003%,11.112119999999997%,30.489395000000002%,"{'black fruit': 2, 'spices': 1, 'oaky': 1}","['beef', 'lamb', 'pork']",['Malbec'],"['Argentina', 'Mendoza']",Argentinian Mendoza Malbec Red,https://images.vivino.com/thumbs/02oew1s7pno9n_150x200.jpg
https://www.vivino.com/santa-julia-plus-malbec/w/1439071?year=2023&price_id=37941906,[+] (Plus) Malbec,2023,Santa Julia,3.5,159,20,63.78408499999999%,21.844694999999998%,13.212694999999997%,34.457525%,"{'black fruit': 111, 'red fruit': 76, 'oaky': 58, 'spices': 20, 'earthy': 19, 'citrus': 6, 'dried fruit': 6, 'vegetal': 5, 'floral': 4, 'tree fruit': 3, 'yeasty': 2, 'ageing': 1, 'tropical': 1}","['beef', 'lamb', 'pork']",['Malbec'],"['Argentina', 'Mendoza']",Argentinian Mendoza Malbec Red,https://images.vivino.com/thumbs/v7gkmNnoTCiZPPXJq8hLEA_pb_x600.png
